Date,Location,MinTemp,MaxTemp,Rainfall,Evaporation,Sunshine,WindGustDir,WindGustSpeed,WindDir9am,WindDir3pm,WindSpeed9am,WindSpeed3pm,Humidity9am,Humidity3pm,Pressure9am,Pressure3pm,Cloud9am,Cloud3pm,Temp9am,Temp3pm,RainToday,RainTomorrow
2011-05-31,Canberra,8.6,17.9,0.0,2.0,8.6,ESE,46.0,S,SE,15.0,22.0,73.0,59.0,1025.0,1023.8,5.0,2.0,13.0,15.0,No,No
2010-07-08,SydneyAirport,7.7,14.6,0.2,2.6,2.3,S,48.0,S,SSW,33.0,22.0,77.0,99.0,1026.8,1025.6,3.0,7.0,13.9,12.4,No,Yes
2014-08-10,Perth,12.4,24.0,0.0,3.2,5.4,E,30.0,ESE,E,13.0,11.0,70.0,50.0,1027.0,1023.2,6.0,6.0,14.7,22.3,No,No
2014-07-08,Moree,-0.8,18.0,0.0,3.2,9.9,ENE,19.0,NE,N,13.0,6.0,68.0,23.0,1019.4,1014.5,0.0,0.0,7.5,17.0,No,No
2015-08-15,Hobart,2.2,14.2,1.0,1.6,9.1,NNW,33.0,NNW,NW,24.0,19.0,77.0,38.0,1031.3,1026.6,0.0,3.0,4.3,14.1,No,No
2012-04-05,CoffsHarbour,15.4,25.6,0.0,3.2,9.5,S,28.0,SW,SE,17.0,17.0,66.0,56.0,1020.6,1018.4,2.0,2.0,23.2,24.6,No,No
2010-05-06,Mildura,7.1,21.0,0.0,2.6,9.1,W,26.0,W,WSW,15.0,13.0,77.0,42.0,1024.9,1022.6,1.0,3.0,12.0,20.4,No,No
2016-12-25,Darwin,25.6,33.2,0.6,3.0,8.1,NNW,39.0,N,N,11.0,22.0,81.0,66.0,1008.5,1004.7,6.0,5.0,29.4,32.5,No,No
2010-08-09,CoffsHarbour,5.4,20.8,0.0,2.2,10.3,NE,39.0,SW,NE,9.0,26.0,78.0,61.0,1023.6,1020.6,0.0,1.0,14.5,20.2,No,Yes
2012-02-16,Cairns,24.6,31.4,0.8,8.8,8.5,ESE,48.0,SSE,SE,17.0,28.0,78.0,59.0,1011.9,1009.4,7.0,7.0,27.5,30.8,No,Yes
2011-12-31,Perth,20.3,29.6,0.0,7.4,11.2,WSW,31.0,SSE,WSW,9.0,17.0,62.0,58.0,1006.0,1004.9,7.0,2.0,26.3,27.3,No,No
2012-01-10,Nuriootpa,13.5,21.4,1.0,5.6,9.3,W,46.0,SW,W,15.0,26.0,85.0,47.0,1016.7,1015.5,7.0,6.0,15.1,19.8,No,No
2008-12-26,Townsville,25.1,32.4,0.0,9.6,11.6,NE,37.0,ESE,ENE,20.0,30.0,60.0,58.0,1010.3,1008.7,7.0,4.0,29.8,30.8,No,No
2011-03-22,MelbourneAirport,17.5,23.5,0.0,2.2,1.0,SW,30.0,W,SW,7.0,15.0,88.0,68.0,1002.5,1001.6,7.0,7.0,19.0,22.5,No,No
2014-01-09,WaggaWagga,17.0,27.5,0.0,11.2,4.0,E,63.0,ENE,N,28.0,19.0,47.0,36.0,1020.7,1019.2,7.0,7.0,19.7,25.7,No,No
2009-10-14,Townsville,23.3,31.8,0.0,8.0,11.2,NW,33.0,NNW,N,20.0,19.0,59.0,44.0,1014.5,1009.8,2.0,1.0,27.0,29.8,No,No
2017-02-23,Brisbane,21.0,31.0,0.0,9.8,11.8,E,33.0,SE,ESE,13.0,13.0,45.0,47.0,1019.4,1016.8,5.0,2.0,27.1,29.3,No,No
2013-08-28,CoffsHarbour,7.9,25.0,0.0,2.8,10.2,SSW,35.0,WSW,S,2.0,20.0,52.0,47.0,1020.7,1019.1,1.0,1.0,19.5,22.0,No,No
2015-09-03,Darwin,21.7,32.2,0.0,8.0,10.8,NW,31.0,NNE,WNW,6.0,20.0,65.0,45.0,1016.7,1013.2,0.0,1.0,28.0,31.5,No,No
2009-12-08,PerthAirport,13.2,28.3,0.0,10.0,12.7,E,52.0,ESE,WSW,19.0,30.0,41.0,30.0,1021.1,1016.7,5.0,5.0,19.7,26.7,No,No
2010-03-28,Perth,14.5,25.3,0.0,6.0,11.0,SW,39.0,SE,SW,15.0,20.0,55.0,47.0,1020.7,1017.9,1.0,1.0,18.9,23.4,No,No
2015-08-01,Darwin,20.9,31.8,0.0,8.0,11.1,ENE,35.0,E,NNW,15.0,24.0,69.0,37.0,1016.1,1012.5,0.0,1.0,25.1,29.5,No,No
2009-01-31,CoffsHarbour,20.7,28.7,0.0,5.8,10.4,ENE,33.0,NNW,ENE,7.0,24.0,69.0,55.0,1019.1,1016.9,6.0,3.0,25.5,28.1,No,No
2010-09-13,Melbourne,10.9,15.5,0.0,2.2,2.0,N,35.0,NW,SSW,13.0,19.0,55.0,56.0,1015.1,1015.7,8.0,7.0,13.7,14.1,No,No
2015-05-03,Townsville,19.7,30.9,0.0,5.6,9.6,ENE,31.0,E,N,4.0,19.0,72.0,50.0,1014.9,1010.3,1.0,4.0,25.7,29.3,No,No
2013-10-05,Watsonia,11.7,24.0,0.0,7.4,5.8,NNE,57.0,NE,N,15.0,26.0,43.0,36.0,1011.8,1007.3,7.0,1.0,16.9,23.3,No,No
2014-01-24,Nuriootpa,16.3,25.8,1.0,6.8,7.1,SW,39.0,W,WSW,11.0,17.0,91.0,57.0,1013.0,1012.6,8.0,6.0,16.3,23.2,No,No
2011-03-18,Woomera,20.7,21.1,0.2,13.0,1.2,E,44.0,ESE,ESE,26.0,33.0,63.0,81.0,1013.0,1009.6,7.0,8.0,21.0,19.4,No,Yes
2010-07-18,Darwin,21.2,32.7,0.0,7.2,11.1,E,39.0,E,NE,20.0,20.0,53.0,36.0,1014.8,1011.2,0.0,1.0,24.8,31.8,No,No
2012-09-21,MelbourneAirport,11.8,19.0,0.2,4.2,7.4,SW,52.0,W,SW,26.0,35.0,69.0,60.0,1014.3,1016.0,6.0,7.0,15.5,17.5,No,No
2017-04-12,PerthAirport,7.2,24.8,0.0,5.2,9.7,WSW,43.0,ENE,WSW,17.0,28.0,62.0,44.0,1021.6,1019.7,6.0,1.0,17.6,23.6,No,No
2015-11-09,Townsville,25.8,31.8,0.0,12.4,8.7,E,56.0,NE,NNE,24.0,22.0,63.0,64.0,1011.6,1007.6,6.0,5.0,29.4,28.6,No,Yes
2015-11-29,Darwin,25.8,34.8,0.0,5.0,11.0,WNW,35.0,W,WNW,7.0,26.0,71.0,56.0,1011.4,1007.3,4.0,6.0,31.1,34.5,No,No
2008-12-02,Melbourne,10.7,23.1,0.0,6.8,7.5,WNW,46.0,WNW,W,30.0,17.0,44.0,29.0,1009.9,1007.2,6.0,7.0,17.0,22.0,No,No
2009-06-12,MelbourneAirport,1.4,10.3,0.0,0.4,4.7,N,61.0,N,NNE,31.0,30.0,75.0,68.0,1022.3,1019.1,6.0,7.0,5.9,9.0,No,No
2013-12-03,Brisbane,15.2,27.8,0.0,8.0,13.0,E,28.0,S,ENE,6.0,11.0,47.0,52.0,1016.9,1013.3,2.0,2.0,24.4,25.8,No,No
2015-09-24,WaggaWagga,-0.3,17.1,0.0,4.4,9.0,SSW,37.0,S,SSW,11.0,20.0,53.0,40.0,1030.2,1026.4,1.0,4.0,9.5,15.3,No,No
2015-06-26,Brisbane,12.6,22.7,0.2,2.2,6.8,SSE,31.0,SSW,SE,6.0,11.0,73.0,60.0,1026.2,1025.1,2.0,3.0,17.8,21.3,No,No
2017-01-09,Darwin,28.2,32.4,0.0,8.0,9.6,NW,37.0,WNW,WNW,19.0,24.0,73.0,67.0,1004.6,1001.8,7.0,7.0,29.8,31.9,No,No
2009-05-19,MountGambier,4.9,16.8,0.0,0.4,7.0,NE,22.0,ESE,ENE,9.0,11.0,89.0,70.0,1019.7,1017.6,6.0,7.0,9.5,16.4,No,No
2009-11-02,Sale,12.4,25.8,0.0,5.2,8.0,E,33.0,N,SW,7.0,11.0,72.0,46.0,1021.5,1017.6,5.0,6.0,17.1,25.1,No,No
2014-02-26,Darwin,26.2,31.6,1.0,8.0,7.1,NW,44.0,WNW,WNW,22.0,31.0,71.0,67.0,1010.1,1006.7,3.0,7.0,29.5,31.0,No,Yes
2008-08-27,Brisbane,11.0,23.0,0.2,3.2,5.4,WNW,19.0,ESE,WNW,2.0,7.0,68.0,58.0,1024.1,1021.3,7.0,7.0,17.9,20.6,No,No
2016-08-29,Brisbane,11.0,23.7,0.0,4.4,10.8,ENE,24.0,SW,NE,6.0,11.0,65.0,48.0,1026.6,1024.0,1.0,1.0,17.4,22.3,No,No
2009-02-01,Melbourne,20.3,33.8,0.0,7.6,7.1,SSW,39.0,SSW,ESE,11.0,11.0,68.0,41.0,1016.5,1012.0,7.0,7.0,22.9,31.4,No,No
2016-03-04,Sydney,22.8,28.3,0.0,9.6,10.1,NE,39.0,N,NE,20.0,24.0,70.0,53.0,1022.0,1020.1,7.0,2.0,24.9,26.9,No,No
2010-03-28,CoffsHarbour,19.0,27.7,0.0,4.6,9.0,NE,39.0,NW,NE,13.0,22.0,79.0,64.0,1020.4,1017.6,7.0,3.0,23.4,26.6,No,No
2009-11-15,WaggaWagga,15.9,38.3,0.0,9.8,12.7,WSW,50.0,NE,W,9.0,30.0,31.0,11.0,1010.0,1006.4,3.0,7.0,27.5,36.7,No,No
2011-11-11,NorfolkIsland,15.4,22.5,0.0,5.8,8.3,WSW,31.0,W,SW,13.0,24.0,68.0,63.0,1020.6,1018.5,7.0,6.0,20.1,21.1,No,No
2009-09-25,Brisbane,10.1,28.4,0.0,10.6,11.2,NNE,30.0,SW,NE,7.0,13.0,31.0,29.0,1017.8,1012.7,0.0,0.0,22.2,25.9,No,No
2012-08-10,Townsville,10.0,27.2,0.0,5.4,10.7,SSW,43.0,N,S,6.0,31.0,65.0,18.0,1018.7,1015.7,0.0,0.0,19.3,26.5,No,No
2009-10-29,Melbourne,11.1,30.6,0.0,4.0,9.2,SSW,46.0,E,SSW,7.0,17.0,68.0,36.0,1022.4,1018.3,4.0,5.0,16.8,29.1,No,No
2014-01-12,SydneyAirport,21.0,27.9,0.0,10.4,10.3,SE,37.0,S,SE,19.0,26.0,80.0,65.0,1017.8,1017.0,2.0,3.0,23.5,26.3,No,No
2012-02-16,Brisbane,19.6,29.4,0.0,9.6,11.6,SE,31.0,SSE,ESE,9.0,13.0,60.0,53.0,1017.8,1015.4,2.0,2.0,26.5,28.1,No,No
2012-01-28,Sale,14.4,28.7,0.0,6.2,12.8,ESE,37.0,SSW,ESE,11.0,24.0,80.0,51.0,1013.3,1010.1,4.0,2.0,19.9,27.5,No,No
2010-11-20,Brisbane,20.0,25.5,0.2,5.4,0.6,ESE,41.0,SE,SE,13.0,11.0,56.0,66.0,1021.7,1020.5,7.0,7.0,24.2,23.0,No,No
2014-02-28,Watsonia,9.5,24.4,0.0,6.4,11.8,SW,35.0,SSE,WSW,7.0,19.0,69.0,43.0,1023.6,1021.0,2.0,1.0,14.0,23.7,No,No
2014-10-11,MelbourneAirport,10.7,21.4,0.0,6.2,7.5,N,41.0,WSW,SSE,11.0,19.0,74.0,48.0,1016.5,1014.2,7.0,6.0,14.6,20.4,No,No
2008-12-20,Hobart,8.9,21.4,0.0,4.0,8.7,NNW,31.0,NW,ESE,15.0,17.0,55.0,47.0,1017.7,1016.7,7.0,2.0,16.1,19.8,No,No
2009-02-20,WaggaWagga,16.5,34.5,0.0,11.2,5.7,S,48.0,ESE,S,11.0,20.0,45.0,20.0,1010.1,1008.8,7.0,6.0,21.3,30.6,No,No
2015-12-27,MelbourneAirport,9.0,20.5,1.2,4.4,8.9,SSE,48.0,SSW,S,13.0,30.0,63.0,39.0,1022.7,1023.5,6.0,4.0,13.7,18.6,Yes,No
2012-04-26,Darwin,21.1,30.2,0.0,5.8,10.3,SE,44.0,SE,SE,28.0,22.0,65.0,41.0,1014.1,1010.1,4.0,1.0,23.1,29.7,No,No
2016-05-08,Hobart,10.2,15.3,0.0,0.6,0.0,SSW,33.0,NNE,SSW,7.0,17.0,84.0,78.0,1016.6,1012.3,7.0,8.0,11.3,15.2,No,Yes
2016-12-04,Sydney,19.7,26.9,0.0,8.0,9.3,NE,39.0,E,E,6.0,26.0,64.0,60.0,1016.0,1013.1,7.0,7.0,23.0,25.1,No,No
2011-02-21,Perth,21.9,36.3,0.0,6.6,12.2,NE,39.0,E,NE,17.0,20.0,50.0,23.0,1013.4,1008.9,2.0,2.0,27.6,35.4,No,No
2009-07-14,SydneyAirport,9.2,17.8,0.0,3.2,9.7,NW,52.0,NW,W,24.0,30.0,60.0,36.0,1007.0,1004.4,1.0,2.0,12.9,16.7,No,No
2010-01-25,NorfolkIsland,17.1,24.9,0.0,7.2,12.0,S,28.0,E,SSE,6.0,13.0,56.0,59.0,1016.5,1015.0,1.0,6.0,23.4,24.6,No,No
2014-06-17,Mildura,5.9,15.3,1.2,1.4,3.8,S,28.0,SSW,SSW,6.0,11.0,96.0,58.0,1031.2,1030.9,3.0,7.0,9.7,14.3,Yes,No
2012-08-21,Mildura,6.3,20.6,0.0,3.0,4.2,N,48.0,NNE,N,28.0,31.0,42.0,18.0,1014.5,1009.8,4.0,7.0,12.9,19.8,No,No
2015-03-12,Brisbane,20.9,29.9,0.0,8.0,10.0,E,28.0,SSE,ESE,7.0,13.0,65.0,46.0,1014.5,1011.8,7.0,2.0,26.2,28.5,No,No
2015-11-16,MelbourneAirport,10.6,27.6,0.0,6.0,11.6,NW,35.0,WNW,SSE,9.0,28.0,73.0,43.0,1018.6,1014.6,2.0,3.0,15.9,26.2,No,No
2017-03-21,Hobart,13.6,16.5,0.6,2.0,0.0,SE,22.0,SW,SE,7.0,13.0,91.0,89.0,1020.1,1018.2,8.0,8.0,14.7,16.3,No,Yes
2009-08-07,Cobar,7.2,19.2,0.0,4.2,10.1,SW,44.0,NNW,SW,15.0,28.0,40.0,30.0,1018.1,1018.4,1.0,1.0,15.0,17.2,No,No
2016-01-10,Mildura,17.5,40.4,0.0,8.4,12.3,W,35.0,ENE,W,9.0,13.0,29.0,8.0,1015.7,1012.7,0.0,3.0,26.1,39.3,No,No
2016-03-21,Woomera,16.0,29.2,0.0,8.0,11.2,SE,30.0,E,WNW,19.0,9.0,45.0,19.0,1018.2,1015.3,0.0,0.0,18.9,28.3,No,No
2009-03-09,Canberra,14.7,25.9,0.0,5.8,6.1,NE,33.0,E,N,7.0,13.0,74.0,42.0,1022.5,1018.9,8.0,5.0,15.8,24.4,No,No
2013-08-20,Sale,4.2,10.5,1.4,2.6,8.3,W,57.0,W,W,31.0,31.0,77.0,68.0,1014.0,1012.9,3.0,5.0,6.8,9.5,Yes,No
2013-03-01,MelbourneAirport,12.7,23.8,0.2,4.2,12.2,SE,54.0,SE,SE,15.0,33.0,64.0,34.0,1022.0,1020.9,1.0,1.0,16.3,22.6,No,No
2016-04-25,MountGambier,7.0,26.6,0.2,4.6,9.6,NNW,43.0,N,N,20.0,22.0,53.0,19.0,1027.0,1023.9,0.0,0.0,16.7,25.8,No,No
2015-08-31,Mildura,-0.3,18.7,0.0,2.6,10.9,NW,24.0,ESE,SW,9.0,13.0,74.0,30.0,1022.5,1018.6,2.0,0.0,8.4,17.8,No,No
2011-10-31,Mildura,5.9,21.7,0.0,7.6,10.2,SSW,46.0,SSE,SE,15.0,19.0,58.0,28.0,1027.8,1023.8,8.0,7.0,11.5,20.3,No,No
2017-05-06,Hobart,8.4,18.5,0.0,4.0,4.3,NW,54.0,NW,WNW,9.0,33.0,68.0,62.0,1011.6,1007.0,6.0,7.0,11.1,13.4,No,Yes
2014-04-20,MountGambier,9.4,19.7,0.0,2.6,5.0,NW,41.0,NNW,WNW,19.0,24.0,64.0,59.0,1017.5,1015.3,6.0,7.0,13.9,18.4,No,Yes
2008-08-14,Melbourne,7.4,14.1,0.2,1.6,3.7,WSW,56.0,WSW,WSW,31.0,39.0,75.0,65.0,1025.1,1021.7,7.0,7.0,10.2,13.3,No,No
2012-10-04,Sydney,14.5,32.2,0.0,7.2,11.4,WNW,37.0,W,WNW,9.0,11.0,39.0,16.0,1018.8,1013.1,0.0,0.0,23.9,31.9,No,No
2008-07-15,Hobart,5.7,12.4,0.8,1.0,3.7,SSE,26.0,NNW,SSE,11.0,11.0,88.0,69.0,1023.3,1022.4,7.0,4.0,7.1,11.6,No,No
2013-06-27,WaggaWagga,2.3,16.0,0.0,1.6,3.8,ESE,19.0,E,ESE,9.0,9.0,86.0,57.0,1023.4,1020.6,7.0,7.0,6.7,15.7,No,No
2012-02-28,Nuriootpa,15.6,19.8,0.0,6.8,0.0,SSE,54.0,SE,SSE,30.0,31.0,55.0,54.0,1013.5,1013.4,7.0,8.0,17.1,18.7,No,Yes
2016-05-12,Melbourne,14.1,21.4,0.2,2.6,3.7,NW,41.0,WNW,NW,11.0,19.0,70.0,51.0,1013.2,1012.0,7.0,7.0,17.4,21.2,No,No
2014-01-04,Sydney,20.1,27.5,0.0,7.4,11.2,S,57.0,SSW,E,17.0,22.0,60.0,54.0,1003.4,1002.3,1.0,1.0,22.9,24.6,No,No
2009-12-05,MountGambier,10.0,20.0,0.4,5.2,7.1,WSW,39.0,W,WSW,17.0,24.0,73.0,53.0,1018.5,1018.5,7.0,7.0,16.0,18.1,No,No
2016-02-14,SydneyAirport,21.4,36.9,0.0,9.6,10.4,S,52.0,N,S,13.0,35.0,58.0,82.0,1008.4,1005.8,1.0,5.0,26.4,25.5,No,No
2011-02-16,Williamtown,18.7,26.8,0.4,4.2,4.9,SE,33.0,WSW,SE,7.0,20.0,85.0,73.0,1019.7,1016.3,7.0,6.0,21.6,26.0,No,No
2014-03-06,Sydney,21.0,26.8,1.6,7.0,5.8,SSW,46.0,SSW,S,20.0,22.0,75.0,58.0,1018.6,1018.3,7.0,7.0,22.3,25.8,Yes,No
2012-03-21,PerthAirport,15.9,25.7,0.0,8.2,11.1,E,50.0,E,E,24.0,28.0,45.0,26.0,1021.5,1017.0,3.0,0.0,20.6,25.2,No,No
2012-10-24,Brisbane,14.8,25.7,0.0,8.8,11.9,SE,39.0,SSE,E,11.0,19.0,45.0,44.0,1022.1,1017.6,3.0,2.0,21.9,24.1,No,No
2015-02-08,Brisbane,20.8,29.9,0.2,7.4,11.9,ENE,22.0,SSE,ENE,4.0,11.0,60.0,58.0,1020.5,1017.8,2.0,1.0,25.9,28.7,No,No
2017-02-02,Watsonia,10.5,26.2,0.0,4.0,12.9,WSW,31.0,WSW,WSW,7.0,17.0,67.0,35.0,1016.7,1014.9,5.0,4.0,16.9,24.6,No,No
2013-07-19,Woomera,8.3,15.8,0.0,5.0,1.5,WSW,59.0,WNW,W,24.0,31.0,87.0,46.0,1015.8,1015.1,1.0,3.0,10.5,15.4,No,No
2014-08-08,MelbourneAirport,9.9,15.3,0.6,1.4,1.4,WNW,30.0,NNW,NW,13.0,13.0,64.0,45.0,1031.2,1029.3,7.0,7.0,11.5,13.9,No,No
2013-11-29,Townsville,23.8,30.3,0.0,11.0,7.6,ENE,33.0,E,ENE,20.0,20.0,59.0,56.0,1012.0,1008.4,4.0,6.0,28.2,29.6,No,No
2009-08-03,Hobart,5.4,12.3,2.0,1.8,8.3,WSW,63.0,W,NW,30.0,24.0,43.0,39.0,1008.5,1010.5,1.0,2.0,8.5,11.5,Yes,Yes
2012-10-02,Williamtown,9.3,20.3,0.8,3.6,10.3,SSE,39.0,SSW,SE,15.0,22.0,63.0,48.0,1032.8,1029.7,4.0,1.0,17.3,19.1,No,No
2013-12-24,CoffsHarbour,19.7,24.5,0.0,7.0,2.8,WSW,43.0,S,SSW,24.0,26.0,75.0,81.0,1015.5,1016.4,7.0,8.0,24.4,22.2,No,No
2013-04-05,Watsonia,7.5,24.8,0.0,3.0,8.4,N,20.0,NE,ENE,6.0,9.0,99.0,48.0,1030.3,1026.7,3.0,7.0,9.8,23.7,No,No
2009-12-22,Sale,11.1,24.4,0.0,5.6,8.2,SE,35.0,S,SE,13.0,22.0,77.0,62.0,1012.5,1012.0,7.0,5.0,18.7,21.9,No,No
2016-01-09,NorfolkIsland,20.6,24.3,1.8,4.8,6.2,SSW,37.0,S,SSW,15.0,17.0,88.0,77.0,1012.9,1012.5,7.0,7.0,22.0,22.5,Yes,No
2012-06-27,Darwin,17.3,30.4,0.0,5.8,10.7,SE,39.0,SE,SE,22.0,13.0,42.0,26.0,1016.1,1011.5,0.0,0.0,19.7,29.1,No,No
2008-12-18,Brisbane,20.3,30.8,0.0,8.4,12.6,N,37.0,N,NE,7.0,19.0,49.0,61.0,1010.6,1005.4,1.0,2.0,28.2,28.2,No,Yes
2011-10-07,WaggaWagga,12.3,19.8,0.2,0.8,1.7,N,15.0,ESE,SW,4.0,9.0,90.0,79.0,1013.0,1010.7,8.0,7.0,13.9,17.4,No,No
2008-12-07,Cairns,23.9,32.0,0.0,8.0,9.2,NNE,28.0,NW,NE,7.0,17.0,70.0,73.0,1010.9,1007.1,2.0,3.0,29.3,30.6,No,No
2013-01-20,SydneyAirport,19.8,24.2,0.2,5.0,0.0,S,35.0,SE,SE,19.0,19.0,65.0,53.0,1017.4,1016.2,7.0,8.0,22.3,23.6,No,No
2009-01-08,Watsonia,11.4,19.3,0.0,5.2,11.5,S,52.0,SW,SSW,19.0,30.0,59.0,42.0,1017.2,1018.6,2.0,5.0,15.1,17.7,No,No
2014-06-19,Mildura,5.6,16.2,0.0,1.4,2.0,N,24.0,NNE,N,13.0,15.0,91.0,53.0,1024.4,1019.3,8.0,7.0,7.7,15.1,No,No
2017-02-05,MelbourneAirport,17.0,30.9,0.0,10.8,1.5,S,54.0,N,NW,24.0,28.0,59.0,46.0,1007.4,1005.0,7.0,7.0,23.8,29.8,No,Yes
2009-12-03,Cairns,22.7,33.0,0.0,6.2,11.2,ESE,37.0,SE,ESE,15.0,30.0,59.0,51.0,1013.7,1011.3,5.0,1.0,29.8,31.1,No,No
2011-07-30,Townsville,11.8,24.9,0.0,6.8,10.4,ENE,35.0,SSE,ENE,20.0,24.0,59.0,49.0,1020.5,1016.3,2.0,1.0,20.5,23.3,No,No
2010-09-17,CoffsHarbour,8.3,19.5,0.0,4.2,7.1,SSE,37.0,S,SSE,26.0,13.0,34.0,42.0,1020.5,1019.3,5.0,8.0,17.3,17.0,No,No
2012-05-09,Mildura,15.7,26.3,0.0,7.4,4.8,NW,33.0,NNW,WNW,15.0,17.0,24.0,26.0,1018.1,1017.7,5.0,7.0,20.7,24.0,No,No
2013-05-29,Sale,2.0,20.6,0.2,0.8,7.9,E,19.0,NW,E,9.0,11.0,91.0,44.0,1027.3,1023.3,3.0,3.0,6.1,20.5,No,No
2016-05-12,Brisbane,9.3,26.4,0.0,4.0,10.5,WNW,28.0,WSW,W,9.0,15.0,36.0,24.0,1019.2,1016.8,0.0,0.0,19.7,25.6,No,No
2009-10-17,Cairns,18.0,33.7,0.0,5.4,11.1,ENE,37.0,ESE,ENE,13.0,28.0,55.0,31.0,1014.2,1011.6,6.0,1.0,28.4,31.3,No,No
2013-07-12,Woomera,11.0,22.7,0.8,4.0,2.8,N,39.0,ENE,N,15.0,22.0,79.0,48.0,1024.2,1019.7,7.0,7.0,13.9,21.4,No,No
2011-12-23,Darwin,25.9,31.9,0.2,6.2,3.8,ENE,35.0,SSE,E,19.0,13.0,74.0,89.0,1001.9,999.3,7.0,8.0,28.9,27.3,No,Yes
2012-02-02,NorfolkIsland,20.9,25.1,0.0,7.6,9.6,ESE,59.0,ESE,ESE,24.0,33.0,74.0,57.0,1008.6,1006.9,7.0,1.0,22.2,24.2,No,No
2017-01-09,Sydney,21.3,29.9,0.0,9.6,9.2,ENE,31.0,ESE,E,9.0,20.0,57.0,57.0,1011.5,1009.2,2.0,2.0,27.0,26.7,No,No
2009-05-26,Canberra,5.0,14.3,0.0,1.6,0.3,N,26.0,SSE,NNW,6.0,17.0,79.0,81.0,1023.2,1021.0,7.0,8.0,11.8,13.4,No,No
2012-03-26,SydneyAirport,17.2,25.1,0.6,3.4,9.7,NE,41.0,E,NE,11.0,28.0,70.0,52.0,1023.7,1021.2,7.0,1.0,20.8,24.4,No,No
2013-10-21,Darwin,25.8,33.6,0.0,7.8,9.7,WNW,35.0,NNE,NW,4.0,24.0,63.0,54.0,1011.9,1007.5,6.0,4.0,29.6,32.3,No,No
2014-03-13,PerthAirport,20.7,27.8,0.2,9.0,2.1,WSW,33.0,N,W,9.0,15.0,67.0,53.0,1012.6,1011.5,7.0,7.0,24.2,26.5,No,No
2013-03-23,Brisbane,21.4,31.2,0.0,4.0,8.6,NE,20.0,W,NNE,6.0,9.0,72.0,63.0,1019.2,1014.8,7.0,1.0,26.0,29.1,No,No
2015-12-20,MountGambier,19.0,22.5,0.0,13.8,6.7,W,61.0,WSW,W,31.0,43.0,73.0,47.0,1005.0,1008.5,8.0,5.0,19.2,20.2,No,No
2016-06-15,Melbourne,6.0,17.9,0.0,3.0,8.0,N,19.0,NNE,SSE,9.0,6.0,81.0,53.0,1032.9,1028.3,1.0,1.0,7.9,16.9,No,No
2011-01-02,Mildura,16.8,31.1,0.0,13.0,13.7,S,35.0,SSE,SSE,24.0,17.0,57.0,26.0,1014.2,1013.0,1.0,1.0,19.6,29.7,No,No
2017-04-24,Perth,14.6,26.0,0.0,6.0,10.3,SSW,28.0,ENE,SW,7.0,15.0,68.0,47.0,1022.4,1019.2,1.0,1.0,18.6,24.2,No,No
2009-12-21,PerthAirport,21.1,34.2,0.0,8.6,13.2,E,44.0,SE,WSW,11.0,26.0,42.0,37.0,1009.8,1006.2,1.0,2.0,26.6,32.8,No,No
2013-08-27,CoffsHarbour,8.2,22.5,0.0,2.8,10.1,ENE,24.0,WSW,ENE,9.0,13.0,62.0,42.0,1022.1,1018.3,2.0,1.0,18.5,21.6,No,No
2014-01-07,Watsonia,12.8,19.7,0.0,6.6,7.0,S,39.0,S,SSW,17.0,22.0,52.0,45.0,1023.9,1022.7,7.0,7.0,14.6,17.7,No,No
2015-02-27,NorfolkIsland,18.9,25.9,0.0,4.8,10.7,E,37.0,SE,E,15.0,24.0,79.0,68.0,1009.6,1009.0,1.0,3.0,22.4,25.1,No,No
2011-08-10,Cairns,11.3,27.2,0.0,6.2,10.8,NE,33.0,SE,NNE,9.0,17.0,55.0,42.0,1015.1,1010.6,0.0,0.0,19.9,24.6,No,No
2011-11-01,NorfolkIsland,17.7,22.0,2.0,0.8,7.4,W,39.0,WSW,SW,22.0,24.0,89.0,69.0,1009.1,1007.6,7.0,6.0,19.0,20.2,Yes,Yes
2013-03-04,AliceSprings,18.7,36.0,0.0,10.6,12.0,SE,39.0,ESE,ESE,13.0,19.0,38.0,21.0,1006.2,1002.3,1.0,1.0,27.5,33.6,No,No
2010-07-01,Perth,3.0,17.3,0.0,2.2,9.1,NE,22.0,ENE,WSW,9.0,7.0,84.0,42.0,1030.6,1026.5,1.0,6.0,9.4,16.1,No,No
2010-05-22,Canberra,0.6,15.0,0.0,1.2,7.5,E,20.0,SE,S,6.0,11.0,79.0,35.0,1023.6,1021.2,1.0,4.0,7.2,14.0,No,No
2012-03-19,Mildura,14.9,28.0,0.0,5.2,11.1,NE,43.0,ENE,ENE,20.0,22.0,67.0,35.0,1020.3,1016.7,1.0,1.0,18.8,27.3,No,No
2015-10-16,Sydney,17.3,27.5,0.0,6.8,11.9,NNE,43.0,ESE,E,6.0,20.0,60.0,52.0,1021.7,1018.7,0.0,1.0,23.3,27.3,No,No
2017-01-17,Darwin,24.9,33.3,1.4,5.4,10.9,NW,31.0,NNW,WNW,6.0,17.0,75.0,47.0,1008.9,1006.8,7.0,5.0,29.2,32.7,Yes,No
2012-09-13,MountGambier,5.2,14.3,1.8,1.6,9.7,SW,46.0,WSW,W,28.0,26.0,64.0,55.0,1018.2,1018.7,3.0,3.0,10.1,12.3,Yes,No
2016-05-21,Darwin,22.5,34.7,0.0,5.8,10.9,NE,37.0,ENE,WNW,17.0,20.0,70.0,39.0,1011.9,1008.8,0.0,3.0,28.1,33.4,No,Yes
2016-05-21,MelbourneAirport,6.3,18.3,0.0,2.2,4.7,NNE,48.0,N,N,22.0,26.0,70.0,58.0,1024.7,1021.6,7.0,7.0,11.9,16.7,No,No
2009-05-24,Mildura,12.6,22.8,0.0,2.8,4.6,NNE,41.0,NE,NNE,19.0,20.0,70.0,50.0,1019.2,1016.9,7.0,7.0,16.6,22.1,No,Yes
2009-12-20,Cobar,17.6,34.2,0.0,10.6,11.7,WSW,35.0,E,S,13.0,9.0,24.0,13.0,1016.5,1013.0,1.0,3.0,25.6,33.2,No,No
2014-10-10,PerthAirport,8.1,23.4,0.0,5.4,11.7,W,33.0,S,SW,11.0,17.0,63.0,41.0,1024.2,1020.3,0.0,1.0,16.7,22.9,No,No
2011-07-22,Woomera,4.1,19.1,0.0,1.6,10.1,N,26.0,NE,NW,11.0,9.0,69.0,30.0,1024.8,1022.1,0.0,0.0,9.5,18.6,No,No
2012-06-17,Watsonia,9.1,14.1,0.4,2.0,3.2,W,37.0,WNW,WSW,13.0,13.0,82.0,99.0,1018.3,1019.4,7.0,7.0,11.8,12.2,No,Yes
2010-11-21,Williamtown,10.3,25.1,0.0,5.2,11.0,ESE,43.0,NE,E,7.0,31.0,60.0,52.0,1024.5,1022.6,3.0,3.0,21.1,23.4,No,No
2017-01-07,Mildura,25.4,41.4,0.0,12.0,11.5,NNE,39.0,NE,NNE,17.0,22.0,27.0,14.0,1010.6,1005.8,2.0,0.0,32.5,39.0,No,No
2012-10-23,Townsville,19.7,29.7,0.0,8.0,6.9,ESE,48.0,SSE,ENE,9.0,28.0,66.0,67.0,1013.6,1011.2,7.0,7.0,27.4,27.7,No,No
2012-09-13,Cairns,20.1,29.4,0.0,7.2,6.3,SE,39.0,SSE,SE,19.0,28.0,65.0,52.0,1016.9,1012.5,7.0,5.0,23.9,27.5,No,No
2014-04-13,Perth,16.1,33.0,0.0,7.0,10.9,SSW,20.0,ESE,WSW,7.0,11.0,59.0,35.0,1019.1,1017.1,1.0,1.0,24.3,31.7,No,No
2011-02-18,Canberra,16.5,27.5,0.4,5.6,7.6,NE,35.0,SE,N,7.0,11.0,75.0,57.0,1015.6,1013.3,8.0,6.0,20.1,26.3,No,No
2012-11-17,Perth,18.1,35.3,0.0,11.0,13.0,SSW,39.0,NNE,WSW,13.0,17.0,28.0,30.0,1013.1,1009.1,0.0,1.0,28.0,30.8,No,No
2015-09-30,Portland,6.6,15.5,0.0,2.6,7.1,ESE,24.0,E,SE,13.0,9.0,60.0,56.0,1025.5,1023.9,4.0,5.0,13.3,14.2,No,No
2015-08-02,Moree,7.2,24.5,0.0,9.2,10.2,NNE,33.0,NNE,N,22.0,22.0,64.0,39.0,1021.1,1016.7,3.0,3.0,15.0,24.1,No,No
2014-06-21,Sydney,10.5,21.9,0.0,2.4,9.5,W,30.0,WNW,W,22.0,11.0,79.0,31.0,1020.4,1018.5,1.0,1.0,11.8,21.4,No,No
2010-02-23,Melbourne,13.3,23.6,0.0,9.2,11.8,SSW,43.0,SW,SSE,24.0,24.0,58.0,48.0,1021.0,1021.1,6.0,5.0,15.7,21.9,No,No
2013-03-07,SydneyAirport,19.8,29.1,0.0,7.4,11.4,NNE,46.0,NW,NE,15.0,30.0,61.0,43.0,1019.9,1017.2,1.0,1.0,23.9,28.5,No,No
2010-03-11,Cobar,11.0,27.7,0.0,7.4,10.4,E,41.0,SE,E,13.0,17.0,61.0,41.0,1025.9,1024.6,1.0,5.0,16.6,26.9,No,No
2010-12-25,MelbourneAirport,11.9,27.4,0.0,5.0,1.3,NNW,30.0,E,S,2.0,2.0,80.0,65.0,1012.7,1009.7,7.0,7.0,17.4,22.1,No,No
2009-01-04,PerthAirport,18.5,36.5,0.0,11.2,13.3,SE,39.0,E,E,11.0,13.0,48.0,20.0,1017.1,1013.1,0.0,0.0,22.5,34.9,No,No
2015-04-21,PerthAirport,13.9,28.3,0.0,5.6,10.6,ENE,33.0,ENE,ESE,24.0,11.0,38.0,22.0,1022.7,1018.7,0.0,0.0,19.3,27.9,No,No
2015-06-02,Brisbane,9.0,19.5,0.0,5.2,10.1,WSW,20.0,WSW,WSW,6.0,6.0,56.0,42.0,1022.6,1019.2,0.0,1.0,14.1,19.0,No,No
2010-02-17,Williamtown,19.3,25.4,0.0,8.0,3.9,S,41.0,SSW,S,22.0,31.0,69.0,63.0,1015.4,1015.0,5.0,3.0,22.6,24.7,No,No
2011-11-25,Watsonia,13.5,23.8,0.0,6.2,4.0,N,17.0,E,ENE,6.0,7.0,69.0,58.0,1019.5,1016.1,2.0,7.0,18.8,22.7,No,Yes
2015-02-12,PerthAirport,21.4,31.6,0.0,9.8,6.7,E,35.0,ENE,W,20.0,15.0,53.0,48.0,1015.2,1012.5,7.0,7.0,25.4,28.2,No,No
2012-04-09,Sale,7.5,14.2,1.0,2.8,3.9,W,61.0,W,W,28.0,33.0,76.0,70.0,1015.9,1018.7,5.0,6.0,13.4,10.5,No,Yes
2014-05-14,Darwin,23.8,33.3,0.0,6.0,10.8,ENE,41.0,E,ENE,22.0,19.0,53.0,35.0,1012.3,1008.1,5.0,7.0,27.5,32.7,No,No
2008-06-07,Canberra,-0.2,15.5,0.0,1.4,9.0,NE,28.0,N,ESE,4.0,11.0,86.0,42.0,1027.6,1027.0,1.0,1.0,4.9,14.5,No,No
2009-05-08,MelbourneAirport,10.1,14.9,0.8,1.8,0.1,SSW,30.0,SW,S,13.0,17.0,97.0,77.0,1031.3,1029.3,7.0,7.0,11.1,14.0,No,Yes
2011-09-27,MountGambier,12.0,24.5,0.0,2.4,9.3,NE,54.0,NE,NE,30.0,35.0,55.0,33.0,1009.6,1003.1,2.0,4.0,17.6,23.9,No,No
2011-01-25,Townsville,22.5,31.0,0.0,6.4,12.3,ENE,30.0,NNW,ENE,2.0,24.0,68.0,60.0,1010.9,1008.4,1.0,1.0,28.3,29.7,No,No
2010-09-22,Sale,4.0,16.0,0.0,2.0,6.9,WNW,46.0,W,W,17.0,31.0,69.0,50.0,1026.9,1024.1,4.0,4.0,13.1,15.2,No,No
2010-07-11,Sale,4.6,17.8,0.0,0.0,8.0,NW,46.0,NE,NW,9.0,28.0,82.0,44.0,1016.5,1015.7,1.0,3.0,11.1,16.8,No,No
2012-02-17,MountGambier,13.3,26.0,0.0,1.8,8.7,SSE,41.0,SSE,S,19.0,13.0,77.0,49.0,1018.6,1017.0,8.0,1.0,17.0,24.4,No,No
2016-02-17,Cairns,23.1,37.9,0.0,6.6,10.1,WNW,37.0,E,ENE,9.0,19.0,57.0,66.0,1007.4,1004.5,2.0,2.0,31.5,33.5,No,No
2017-06-17,Mildura,9.6,13.7,1.0,0.6,1.0,WNW,15.0,WSW,S,7.0,4.0,99.0,87.0,1026.9,1025.7,8.0,8.0,10.4,13.3,No,No
2014-05-14,WaggaWagga,6.2,20.2,0.0,2.6,9.3,E,19.0,E,E,13.0,9.0,73.0,53.0,1029.0,1025.4,3.0,1.0,11.1,20.1,No,No
2010-01-07,WaggaWagga,12.5,33.8,0.0,14.4,13.7,NE,35.0,NE,SE,9.0,6.0,57.0,12.0,1014.8,1012.3,0.0,1.0,22.8,32.3,No,No
2016-04-02,SydneyAirport,17.7,30.4,0.0,6.8,10.3,SSE,43.0,WNW,W,15.0,24.0,51.0,18.0,1016.3,1014.6,7.0,3.0,21.8,29.6,No,No
2015-03-18,Cairns,24.0,32.7,0.0,8.8,10.9,SE,46.0,SSE,ESE,30.0,28.0,58.0,53.0,1011.8,1008.3,7.0,8.0,28.6,31.4,No,No
2012-04-11,Moree,8.8,24.7,0.0,10.2,10.7,S,37.0,SE,SW,20.0,20.0,43.0,24.0,1027.1,1023.6,1.0,2.0,17.0,23.6,No,No
2013-09-13,SydneyAirport,9.4,18.9,0.0,5.6,6.1,SSW,41.0,SSW,ENE,28.0,20.0,65.0,44.0,1021.9,1018.0,7.0,7.0,14.6,16.8,No,Yes
2015-06-14,MountGambier,10.4,15.2,0.8,1.6,0.3,NNE,26.0,NNE,NE,13.0,9.0,82.0,74.0,1026.3,1023.9,7.0,7.0,11.0,14.7,No,No
2011-08-31,Darwin,19.7,34.4,0.0,7.0,11.0,ESE,39.0,S,NW,9.0,20.0,78.0,35.0,1014.1,1010.1,1.0,1.0,25.6,31.6,No,No
2009-06-25,NorfolkIsland,16.0,20.3,0.0,3.8,4.0,NE,48.0,NE,NNE,20.0,19.0,58.0,73.0,1023.2,1020.2,8.0,7.0,18.0,19.1,No,No
2014-07-31,Darwin,21.0,33.0,0.0,7.0,11.0,ENE,35.0,ENE,NW,11.0,24.0,76.0,50.0,1015.8,1011.5,3.0,2.0,25.9,30.6,No,No
2015-06-25,Perth,4.5,20.7,0.0,2.4,9.2,NNE,22.0,NNE,NW,6.0,9.0,81.0,43.0,1027.6,1024.2,0.0,1.0,11.0,20.0,No,No
2010-03-08,Woomera,12.2,24.9,0.0,7.8,9.7,SW,46.0,WSW,SW,22.0,26.0,76.0,33.0,1015.5,1015.1,1.0,3.0,16.0,23.4,No,No
2014-10-24,Watsonia,14.5,31.2,0.0,2.0,9.2,NW,37.0,NE,SW,6.0,9.0,96.0,39.0,1012.2,1009.8,5.0,4.0,16.8,29.7,No,No
2012-10-13,Nuriootpa,1.3,21.7,0.0,3.4,11.9,ESE,19.0,E,WNW,7.0,6.0,80.0,33.0,1026.9,1023.6,2.0,0.0,9.7,20.0,No,No
2010-01-06,Portland,6.0,19.8,0.0,5.8,12.0,S,31.0,SSW,S,9.0,17.0,64.0,53.0,1019.3,1019.5,5.0,2.0,16.2,19.0,No,No
2012-09-16,Brisbane,11.1,23.5,0.0,5.4,10.6,E,19.0,W,NE,6.0,9.0,60.0,46.0,1022.6,1017.7,5.0,5.0,17.5,22.3,No,No
2010-10-22,Moree,13.7,26.2,0.0,2.4,10.8,SSE,41.0,NNE,NW,19.0,13.0,70.0,46.0,1022.4,1018.1,4.0,5.0,18.5,24.6,No,Yes
2014-08-25,NorfolkIsland,14.8,16.6,0.0,6.0,0.3,ENE,59.0,E,ENE,30.0,33.0,69.0,87.0,1024.0,1021.0,7.0,8.0,16.4,15.4,No,Yes
2011-02-11,SydneyAirport,21.3,33.9,0.0,5.0,8.0,NE,54.0,NNE,NE,13.0,30.0,59.0,39.0,1016.1,1011.0,2.0,6.0,26.0,33.3,No,No
2009-07-03,PerthAirport,5.3,17.8,0.0,2.8,6.3,ENE,41.0,E,ENE,20.0,24.0,75.0,52.0,1028.4,1023.7,3.0,6.0,10.3,16.7,No,No
2012-10-16,Moree,9.8,30.2,0.0,6.6,12.0,NNE,41.0,NNE,NNE,30.0,15.0,57.0,20.0,1023.2,1018.4,0.0,1.0,19.5,28.7,No,No
2011-10-30,Mildura,8.8,22.2,0.0,6.0,12.5,SSW,43.0,S,S,19.0,22.0,62.0,25.0,1022.8,1021.5,1.0,1.0,12.7,20.6,No,No
2015-06-23,Darwin,17.4,31.1,0.0,7.0,10.9,NNW,30.0,SSE,NW,11.0,17.0,65.0,41.0,1015.9,1012.2,1.0,4.0,24.0,30.6,No,No
2010-04-29,Watsonia,12.2,17.4,1.8,2.8,2.7,NW,39.0,NW,W,11.0,15.0,77.0,64.0,1020.8,1020.7,7.0,6.0,14.1,16.7,Yes,No
2009-02-09,Perth,17.6,34.9,0.0,12.8,12.9,ENE,43.0,E,E,15.0,15.0,51.0,19.0,1017.7,1014.6,0.0,0.0,21.2,33.6,No,No
2010-01-15,Sale,15.2,24.9,0.0,4.8,9.4,ESE,37.0,E,SE,15.0,22.0,70.0,58.0,1018.3,1014.3,7.0,1.0,19.2,23.5,No,No
2009-01-16,Portland,13.0,17.6,0.0,6.6,12.0,WSW,52.0,SW,SW,28.0,26.0,51.0,47.0,1020.3,1022.7,2.0,5.0,14.6,15.7,No,No
2011-03-19,MountGambier,8.8,23.2,0.0,4.6,9.2,ESE,39.0,ESE,E,24.0,19.0,71.0,40.0,1016.3,1011.7,7.0,1.0,13.4,22.1,No,No
2013-01-31,Cairns,24.8,32.6,0.0,6.0,10.2,NNE,31.0,E,NNE,6.0,15.0,71.0,74.0,1009.2,1006.8,1.0,6.0,30.8,31.3,No,Yes
2013-01-16,Watsonia,11.1,28.9,0.0,9.4,13.2,WSW,35.0,S,SSE,6.0,13.0,69.0,37.0,1016.3,1013.5,5.0,1.0,18.0,27.0,No,No
2009-09-07,Moree,9.1,19.6,0.0,4.8,0.0,NNE,48.0,NNE,NNW,33.0,9.0,78.0,79.0,1010.8,1007.8,7.0,8.0,18.4,17.7,No,Yes
2012-01-12,SydneyAirport,13.9,21.3,0.0,13.2,13.4,S,50.0,WSW,SSE,20.0,28.0,41.0,37.0,1016.0,1016.0,1.0,1.0,17.7,20.9,No,No
2009-08-17,Woomera,5.1,20.6,0.0,8.0,10.5,SW,26.0,WSW,WSW,11.0,6.0,63.0,37.0,1024.5,1023.4,0.0,2.0,10.8,19.0,No,No
2009-08-24,AliceSprings,16.4,30.2,0.0,11.2,11.0,S,28.0,SSE,SE,11.0,7.0,34.0,22.0,1016.3,1012.4,0.0,1.0,22.9,29.2,No,No
2015-06-12,Hobart,6.0,14.9,0.0,2.2,5.0,NNW,33.0,WNW,N,9.0,9.0,81.0,60.0,1033.4,1031.1,5.0,2.0,7.6,13.7,No,No
2016-03-06,Watsonia,17.4,30.8,0.0,4.0,8.8,WSW,35.0,E,SW,4.0,17.0,84.0,51.0,1020.3,1017.1,8.0,6.0,18.7,28.7,No,No
2015-09-28,Mildura,6.9,27.9,0.0,5.2,9.3,WSW,39.0,NNE,W,11.0,17.0,37.0,13.0,1019.3,1015.6,0.0,4.0,19.3,27.0,No,No
2014-03-25,Nuriootpa,9.8,19.4,0.0,1.4,6.2,SE,44.0,SE,E,19.0,15.0,73.0,48.0,1022.7,1020.2,3.0,6.0,13.1,18.5,No,Yes
2013-11-11,Mildura,7.6,19.5,0.0,9.4,7.4,ESE,44.0,SSE,SE,15.0,31.0,72.0,52.0,1020.6,1018.5,3.0,7.0,12.5,16.8,No,No
2015-06-17,Townsville,18.2,28.2,0.0,6.0,9.6,ENE,28.0,SE,ENE,7.0,17.0,76.0,65.0,1016.4,1012.8,2.0,3.0,23.8,27.0,No,No
2013-06-10,SydneyAirport,10.1,21.7,0.0,1.4,3.9,WNW,26.0,NW,WNW,13.0,19.0,81.0,71.0,1021.5,1018.5,2.0,8.0,12.6,18.4,No,No
2012-07-18,Melbourne,8.9,15.0,1.2,3.4,5.6,SW,46.0,N,WNW,19.0,22.0,73.0,32.0,1018.2,1016.7,7.0,4.0,10.0,14.2,Yes,No
2015-06-12,Darwin,22.2,32.7,0.0,5.4,10.8,E,43.0,SE,ESE,17.0,15.0,60.0,36.0,1013.6,1009.0,1.0,2.0,25.2,31.9,No,No
2010-10-31,Townsville,22.2,30.0,0.0,9.6,10.9,NE,35.0,ENE,ENE,17.0,28.0,61.0,65.0,1014.1,1010.9,4.0,6.0,27.2,27.7,No,No
2013-10-09,Darwin,25.0,34.5,2.0,8.0,9.8,WNW,37.0,WNW,NW,13.0,28.0,74.0,47.0,1012.8,1008.5,4.0,4.0,29.9,33.3,Yes,No
2017-04-22,PerthAirport,15.1,28.7,0.0,4.4,10.0,ESE,48.0,ENE,WSW,24.0,19.0,57.0,38.0,1019.8,1017.0,3.0,6.0,21.7,28.4,No,No
2017-04-08,PerthAirport,7.9,24.4,0.0,5.0,10.5,SW,33.0,SW,SSW,7.0,19.0,47.0,27.0,1027.6,1024.3,0.0,0.0,16.7,23.4,No,No
2015-05-26,Darwin,22.2,34.9,0.0,5.6,10.8,E,39.0,E,N,20.0,20.0,58.0,46.0,1016.3,1012.0,1.0,2.0,27.3,32.6,No,No
2010-09-22,SydneyAirport,13.0,21.1,2.0,4.6,9.5,NE,37.0,NW,ENE,13.0,28.0,67.0,58.0,1026.7,1020.8,3.0,1.0,17.1,18.7,Yes,No
2015-05-31,AliceSprings,15.9,19.7,0.0,6.2,2.1,SSE,35.0,ESE,SSE,19.0,20.0,64.0,75.0,1021.3,1019.7,6.0,7.0,17.3,16.3,No,No
2015-04-28,NorfolkIsland,19.7,22.7,0.0,4.0,9.2,SW,39.0,SW,SSW,17.0,24.0,58.0,54.0,1016.3,1015.8,3.0,6.0,21.5,21.4,No,No
2015-04-03,Hobart,7.6,17.9,2.0,2.4,6.6,NNW,35.0,N,S,9.0,17.0,68.0,51.0,1025.9,1024.1,7.0,6.0,9.8,17.2,Yes,No
2014-11-10,NorfolkIsland,16.4,20.5,0.0,7.4,11.4,ESE,39.0,ESE,SE,26.0,24.0,56.0,56.0,1017.6,1016.1,7.0,3.0,19.8,19.5,No,No
2011-12-18,WaggaWagga,17.2,25.3,0.0,10.8,1.5,ENE,41.0,ENE,N,24.0,24.0,47.0,88.0,1015.5,1011.6,7.0,8.0,19.4,18.7,No,Yes
2010-04-23,Townsville,23.8,29.9,0.0,4.6,3.1,E,41.0,SE,SE,15.0,24.0,69.0,61.0,1015.4,1011.5,7.0,7.0,26.4,29.0,No,No
2012-05-05,Darwin,22.9,31.9,0.0,6.6,10.8,E,46.0,SE,E,20.0,20.0,60.0,44.0,1011.7,1007.9,2.0,3.0,26.0,31.9,No,No
2016-09-15,PerthAirport,3.8,18.5,0.0,3.2,7.2,W,57.0,NNE,W,13.0,24.0,57.0,55.0,1017.4,1012.8,1.0,7.0,13.4,16.6,No,Yes
2009-08-18,Moree,2.1,20.0,0.0,5.2,10.7,SSE,31.0,SE,WNW,13.0,9.0,43.0,18.0,1027.6,1024.1,0.0,0.0,11.1,19.2,No,No
2014-07-21,Williamtown,6.9,17.4,2.0,1.6,6.0,S,30.0,WNW,S,11.0,20.0,85.0,65.0,1026.4,1023.0,6.0,6.0,12.1,16.7,Yes,No
2009-05-14,NorfolkIsland,15.0,20.6,0.2,3.0,9.4,W,31.0,W,WSW,19.0,19.0,61.0,57.0,1015.7,1014.3,2.0,7.0,18.8,19.6,No,No
2017-03-02,Brisbane,22.1,32.1,0.4,8.2,9.2,NE,22.0,S,ENE,4.0,11.0,62.0,56.0,1015.5,1011.8,4.0,5.0,28.2,29.6,No,No
2013-04-07,MelbourneAirport,16.0,27.7,0.0,6.6,4.3,N,50.0,N,NE,35.0,15.0,49.0,43.0,1022.1,1019.9,6.0,7.0,20.9,24.3,No,Yes
2013-10-30,Townsville,20.1,30.4,0.0,8.6,11.4,N,37.0,N,N,17.0,20.0,59.0,52.0,1014.7,1011.1,5.0,1.0,27.9,28.5,No,No
2008-04-01,Canberra,3.5,21.8,0.0,6.0,10.3,NNW,22.0,ESE,WNW,7.0,11.0,72.0,34.0,1023.9,1021.2,0.0,1.0,8.7,21.2,No,No
2011-06-05,SydneyAirport,10.3,18.2,0.8,3.0,9.2,SSW,37.0,W,WNW,17.0,13.0,57.0,38.0,1017.9,1013.0,1.0,3.0,13.5,17.6,No,No
2016-08-07,SydneyAirport,10.3,16.7,0.0,0.6,2.6,WNW,33.0,NW,SE,15.0,11.0,75.0,62.0,1027.3,1024.6,7.0,6.0,13.0,15.8,No,No
2014-11-19,Mildura,10.4,33.6,0.0,7.4,12.7,NW,35.0,ENE,WNW,15.0,13.0,30.0,12.0,1018.6,1013.8,1.0,5.0,22.8,31.7,No,No
2015-02-09,Brisbane,19.6,30.3,0.0,6.4,12.5,SE,33.0,SE,E,9.0,17.0,61.0,45.0,1019.5,1018.2,3.0,3.0,26.7,29.6,No,Yes
2012-08-08,Mildura,7.6,18.6,0.0,4.6,1.8,SSW,39.0,N,NW,17.0,9.0,43.0,29.0,1018.2,1015.8,7.0,7.0,11.6,18.4,No,Yes
2009-08-27,Portland,10.2,14.9,1.8,2.4,4.8,WNW,65.0,NNW,WNW,24.0,39.0,87.0,75.0,1007.7,1006.6,5.0,6.0,11.1,14.5,Yes,Yes
2014-12-09,Hobart,10.2,16.8,0.2,2.2,3.9,SSE,43.0,ENE,SSE,9.0,22.0,54.0,68.0,1017.1,1019.3,1.0,7.0,15.8,12.8,No,Yes
2011-07-11,SydneyAirport,9.8,17.3,0.0,4.0,10.0,W,41.0,W,W,19.0,13.0,41.0,31.0,1017.7,1018.2,0.0,1.0,12.0,16.2,No,No
2009-04-26,CoffsHarbour,13.0,27.8,0.0,3.8,10.5,N,37.0,N,NW,15.0,15.0,50.0,32.0,1007.3,1003.6,1.0,1.0,21.9,27.1,No,No
2009-03-21,Watsonia,12.6,34.8,0.0,6.2,10.6,N,48.0,NNE,N,6.0,28.0,78.0,12.0,1013.4,1010.2,1.0,1.0,17.0,33.8,No,No
2012-11-15,MountGambier,5.0,17.7,0.0,5.4,0.9,S,31.0,W,NW,9.0,13.0,80.0,61.0,1017.7,1015.7,7.0,8.0,13.7,16.9,No,Yes
2016-03-30,Brisbane,19.5,31.9,0.0,8.0,8.3,WNW,24.0,N,NE,6.0,7.0,60.0,55.0,1017.4,1013.5,3.0,3.0,26.9,28.5,No,Yes
2010-08-30,CoffsHarbour,7.5,20.0,0.0,3.4,10.1,WSW,24.0,SW,ESE,17.0,11.0,57.0,53.0,1026.8,1023.1,1.0,3.0,17.2,18.7,No,No
2009-10-23,MountGambier,5.8,18.8,0.0,3.0,12.1,SSW,33.0,ESE,S,13.0,17.0,66.0,56.0,1024.2,1022.7,7.0,1.0,14.0,17.8,No,No
2014-10-29,Darwin,23.8,33.5,0.0,6.6,11.7,N,33.0,NNE,N,11.0,20.0,59.0,52.0,1012.8,1009.0,2.0,1.0,29.0,31.9,No,No
2013-09-19,Mildura,4.9,20.4,0.0,5.8,10.4,SW,57.0,W,NW,13.0,20.0,59.0,23.0,1012.1,1008.4,1.0,1.0,12.0,19.4,No,Yes
2013-05-01,WaggaWagga,8.2,21.3,0.0,2.4,7.1,WSW,48.0,WNW,SSW,9.0,37.0,91.0,37.0,1020.3,1018.9,7.0,7.0,12.6,18.1,No,No
2016-03-04,Watsonia,14.8,38.7,0.0,5.6,10.6,NNW,56.0,ESE,NNW,4.0,19.0,67.0,22.0,1017.8,1013.4,2.0,6.0,19.7,37.0,No,No
2010-06-26,NorfolkIsland,14.5,18.5,0.0,4.0,7.7,WSW,37.0,WSW,SW,17.0,20.0,52.0,52.0,1022.0,1020.0,4.0,4.0,17.4,18.1,No,No
2011-10-09,Nuriootpa,9.9,17.9,0.4,3.4,4.8,WSW,30.0,W,WSW,11.0,17.0,94.0,63.0,1015.4,1013.1,8.0,7.0,12.0,17.1,No,No
2010-03-11,Canberra,7.5,20.5,0.0,4.4,11.7,SE,35.0,SSE,SSE,20.0,17.0,55.0,41.0,1032.3,1031.1,1.0,1.0,12.8,19.8,No,No
2014-11-17,SydneyAirport,15.2,24.6,0.0,7.0,12.6,E,39.0,SW,ENE,11.0,30.0,45.0,38.0,1013.9,1011.9,2.0,3.0,20.3,22.9,No,No
2012-03-03,Canberra,12.9,16.6,1.0,1.0,0.0,E,43.0,ESE,ESE,17.0,11.0,82.0,96.0,1019.7,1017.2,8.0,8.0,14.1,14.9,No,Yes
2013-09-11,Brisbane,13.1,31.5,0.0,3.6,10.7,NNE,20.0,SW,NE,2.0,7.0,59.0,44.0,1013.7,1008.7,1.0,1.0,22.0,27.7,No,No
2009-10-09,CoffsHarbour,13.2,21.4,0.0,8.4,11.0,S,59.0,SW,S,31.0,31.0,45.0,47.0,1022.4,1020.7,1.0,1.0,16.8,20.6,No,No
2010-05-31,MelbourneAirport,9.4,16.6,0.2,1.8,4.1,SE,41.0,SSE,S,22.0,22.0,79.0,67.0,1018.8,1016.9,5.0,7.0,13.1,15.2,No,No
2014-02-05,Cairns,23.5,25.7,0.8,4.0,0.0,ESE,35.0,SSE,S,15.0,17.0,85.0,82.0,1009.3,1007.1,8.0,8.0,24.8,25.2,No,Yes
2012-04-05,Sale,12.3,22.9,0.2,3.8,7.3,E,28.0,N,E,2.0,20.0,91.0,68.0,1021.0,1018.5,7.0,0.0,16.5,22.2,No,No
2010-05-12,Woomera,6.8,17.3,0.0,6.0,10.0,E,28.0,ESE,SE,15.0,9.0,61.0,31.0,1026.8,1023.8,0.0,1.0,11.7,16.8,No,No
2014-10-13,Darwin,24.3,33.6,0.0,7.6,11.1,NW,37.0,NNE,NNW,19.0,20.0,62.0,47.0,1014.6,1010.3,1.0,2.0,28.9,32.6,No,No
2010-11-05,Woomera,12.7,27.6,0.0,11.0,12.4,NE,37.0,ENE,NE,20.0,13.0,30.0,16.0,1018.4,1014.5,0.0,1.0,18.7,25.3,No,No
2009-04-05,Hobart,12.5,16.1,0.0,6.4,4.9,WNW,61.0,NW,W,26.0,20.0,54.0,42.0,1005.9,1007.5,7.0,2.0,16.0,12.3,No,No
2013-04-17,Melbourne,11.6,19.3,0.0,4.0,1.8,S,33.0,W,S,11.0,24.0,70.0,60.0,1018.1,1016.3,7.0,7.0,13.8,17.7,No,No
2014-02-28,MountGambier,8.6,22.2,0.0,5.2,8.6,S,48.0,SE,S,26.0,31.0,59.0,45.0,1024.8,1022.9,8.0,1.0,15.4,21.0,No,No
2012-03-27,MountGambier,7.9,19.9,0.0,2.4,2.4,ESE,28.0,ESE,ESE,13.0,15.0,91.0,47.0,1025.0,1022.7,7.0,7.0,12.1,19.0,No,No
2014-11-17,Mildura,9.2,25.3,0.0,5.6,13.1,WSW,31.0,WSW,W,15.0,13.0,63.0,30.0,1019.2,1016.9,2.0,7.0,16.1,22.8,No,No
2013-08-04,WaggaWagga,6.1,12.8,0.6,1.0,5.1,WNW,37.0,W,W,19.0,22.0,85.0,55.0,1016.2,1016.2,7.0,7.0,8.7,12.1,No,No
2015-03-04,Williamtown,20.0,30.4,0.4,6.0,9.4,SSE,35.0,N,SE,7.0,24.0,92.0,69.0,1013.0,1009.7,7.0,1.0,21.6,26.7,No,No
2013-04-26,Darwin,23.2,34.1,0.0,8.6,10.9,E,44.0,ESE,ESE,19.0,28.0,51.0,25.0,1013.8,1010.8,7.0,7.0,26.4,33.4,No,No
2010-05-06,Williamtown,8.0,20.2,0.0,5.2,9.5,WNW,44.0,WNW,WNW,30.0,15.0,57.0,33.0,1021.1,1019.2,2.0,0.0,12.3,19.8,No,No
2016-07-09,Watsonia,4.6,14.7,0.0,1.4,7.8,E,15.0,NNE,S,4.0,4.0,100.0,66.0,1025.5,1023.2,2.0,5.0,7.3,14.1,No,No
2013-05-19,Cairns,23.0,26.6,0.8,2.2,1.8,SE,46.0,SSE,SE,19.0,33.0,84.0,76.0,1017.1,1014.0,8.0,7.0,23.7,25.6,No,No
2008-10-09,Darwin,25.3,33.5,0.0,5.6,0.9,N,31.0,NE,NNW,13.0,22.0,66.0,55.0,1013.4,1009.7,3.0,4.0,29.5,32.7,No,No
2011-05-23,Cairns,20.8,29.5,0.0,5.0,10.5,S,26.0,S,NE,13.0,17.0,73.0,66.0,1013.5,1009.9,3.0,2.0,25.2,28.4,No,No
2012-01-17,NorfolkIsland,20.0,22.5,2.0,1.2,0.4,E,52.0,E,E,30.0,30.0,86.0,92.0,1021.6,1020.5,7.0,8.0,22.0,21.5,Yes,Yes
2013-08-20,SydneyAirport,7.4,16.8,0.0,6.2,10.8,W,57.0,WSW,W,31.0,37.0,40.0,21.0,1013.7,1012.2,1.0,1.0,11.0,14.9,No,No
2008-12-15,Brisbane,18.6,30.9,0.0,11.4,13.3,W,39.0,W,SW,13.0,13.0,33.0,24.0,1007.0,1005.9,1.0,1.0,25.9,30.3,No,No
2009-12-28,Melbourne,17.5,24.8,0.0,5.0,10.1,SSE,35.0,SSW,S,13.0,15.0,76.0,53.0,1018.6,1018.4,7.0,1.0,19.2,24.5,No,No
2009-01-30,MountGambier,20.5,36.8,0.0,14.2,12.6,S,52.0,S,S,20.0,30.0,53.0,37.0,1011.1,1010.1,2.0,1.0,26.5,33.0,No,No
2016-02-19,MountGambier,14.2,20.4,1.6,3.6,5.5,S,41.0,S,S,24.0,24.0,97.0,47.0,1014.5,1016.6,8.0,7.0,14.8,18.6,Yes,No
2014-12-14,Mildura,17.3,37.5,0.0,8.6,11.4,N,39.0,NE,NW,9.0,15.0,26.0,12.0,1009.6,1006.2,7.0,4.0,23.8,35.7,No,No
2011-05-30,Watsonia,3.1,14.4,0.2,0.4,7.6,S,24.0,NE,SSE,4.0,9.0,100.0,64.0,1028.4,1025.3,1.0,2.0,4.9,13.8,No,No
2016-03-16,Woomera,20.2,33.7,0.0,5.4,6.6,W,24.0,SE,SSE,15.0,6.0,66.0,39.0,1012.9,1009.8,0.0,6.0,23.7,31.6,No,No
2015-05-15,WaggaWagga,0.9,17.6,0.0,1.4,9.8,E,19.0,E,SSE,9.0,4.0,82.0,46.0,1033.8,1031.7,1.0,0.0,7.1,16.6,No,No
2011-01-10,Watsonia,18.0,26.1,0.2,4.2,0.0,ESE,20.0,W,WSW,7.0,7.0,91.0,71.0,1016.1,1012.4,8.0,8.0,19.8,25.4,No,Yes
2009-03-19,PerthAirport,8.5,25.9,0.0,6.2,11.5,W,35.0,SW,W,9.0,26.0,58.0,37.0,1016.8,1012.2,1.0,3.0,16.8,24.9,No,No
2009-08-31,Melbourne,9.1,16.6,0.0,2.8,3.6,WNW,56.0,WNW,W,30.0,30.0,62.0,73.0,1014.2,1013.5,7.0,7.0,13.0,13.6,No,Yes
2009-01-13,Mildura,17.7,40.4,0.0,10.4,13.7,N,35.0,NE,N,13.0,6.0,22.0,9.0,1012.7,1009.4,0.0,0.0,28.0,38.7,No,No
2016-09-03,Mildura,6.5,18.8,0.0,1.6,3.7,W,56.0,W,W,17.0,24.0,94.0,47.0,1013.6,1013.1,6.0,8.0,10.9,18.6,No,No
2016-11-06,Perth,18.2,25.0,0.0,8.6,12.5,SW,44.0,SSW,SSW,15.0,19.0,64.0,67.0,1014.1,1015.1,1.0,4.0,22.5,22.3,No,No
2012-02-25,CoffsHarbour,19.3,27.4,0.4,5.8,5.9,ESE,26.0,SW,E,13.0,17.0,74.0,63.0,1022.9,1021.7,6.0,7.0,23.9,26.1,No,No
2015-04-07,AliceSprings,12.1,22.7,0.0,11.0,11.3,SE,46.0,ESE,SE,31.0,20.0,35.0,25.0,1021.7,1018.7,4.0,1.0,15.6,20.4,No,No
2010-05-05,Perth,8.6,24.7,0.0,3.4,9.8,SSW,26.0,E,S,9.0,9.0,56.0,32.0,1025.7,1021.6,0.0,0.0,14.8,24.3,No,No
2011-11-17,NorfolkIsland,15.6,23.2,0.0,4.6,8.9,WSW,31.0,WNW,S,15.0,20.0,73.0,74.0,1020.4,1018.3,6.0,3.0,20.5,22.4,No,No
2009-01-26,Portland,6.9,21.5,0.0,5.2,13.4,SE,33.0,SE,ESE,9.0,19.0,86.0,63.0,1022.6,1021.4,6.0,5.0,16.6,20.4,No,No
2009-10-16,PerthAirport,13.2,31.5,0.0,8.0,12.2,E,61.0,E,E,17.0,22.0,37.0,19.0,1023.8,1019.3,0.0,0.0,21.2,31.0,No,No
2015-01-21,Nuriootpa,15.6,27.4,0.0,6.7,7.6,SW,31.0,SW,SSW,15.0,13.0,71.0,50.0,1009.5,1009.3,7.0,3.0,19.1,25.1,No,No
2010-03-02,WaggaWagga,10.8,27.5,0.0,9.6,12.1,NNE,31.0,E,E,20.0,11.0,49.0,25.0,1018.6,1015.2,1.0,1.0,17.0,25.3,No,No
2009-01-02,Hobart,7.1,16.1,0.2,7.4,10.6,WSW,50.0,WSW,SW,17.0,20.0,45.0,61.0,1009.5,1013.0,4.0,4.0,12.3,12.7,No,No
2014-12-27,MelbourneAirport,7.5,23.3,0.0,6.4,13.1,SSE,33.0,SSW,SSE,7.0,20.0,59.0,25.0,1021.1,1019.1,1.0,1.0,15.2,20.7,No,No
2014-09-12,NorfolkIsland,13.7,20.7,0.2,3.0,10.0,WNW,39.0,NW,W,20.0,22.0,84.0,81.0,1018.0,1016.6,5.0,3.0,18.8,19.6,No,No
2010-06-21,Perth,7.7,20.3,0.0,1.8,9.1,E,19.0,ENE,WSW,7.0,7.0,72.0,60.0,1019.8,1017.7,1.0,3.0,12.9,19.9,No,No
2011-09-21,MountGambier,11.1,18.6,0.2,3.6,5.6,WNW,52.0,NW,WNW,24.0,26.0,79.0,63.0,1018.9,1017.6,7.0,6.0,15.5,17.0,No,No
2015-08-25,Townsville,22.1,27.8,0.0,6.0,10.2,ENE,35.0,ENE,ENE,17.0,28.0,69.0,64.0,1020.1,1017.4,5.0,5.0,25.6,26.1,No,No
2009-10-27,MelbourneAirport,6.7,23.5,0.0,6.6,12.2,SSE,33.0,W,S,9.0,19.0,68.0,39.0,1027.9,1024.2,1.0,7.0,13.4,21.7,No,No
2014-10-06,NorfolkIsland,13.3,18.7,0.0,2.8,2.7,SE,22.0,NE,SSE,2.0,9.0,51.0,51.0,1024.1,1021.6,7.0,7.0,17.7,17.9,No,No
2013-06-26,Sale,4.5,13.4,0.4,1.2,4.0,E,22.0,NW,E,7.0,15.0,97.0,82.0,1025.7,1022.9,2.0,3.0,8.3,12.7,No,No
2011-05-31,Cairns,14.9,27.1,0.0,4.8,9.6,E,33.0,SSE,E,15.0,20.0,63.0,51.0,1015.8,1012.1,1.0,4.0,21.2,25.0,No,No
2017-03-07,PerthAirport,16.1,35.3,0.0,9.0,10.8,SW,33.0,NW,SW,6.0,24.0,66.0,40.0,1013.1,1009.0,1.0,7.0,24.5,34.1,No,No
2009-05-16,Townsville,16.3,28.9,0.0,5.2,9.1,ENE,39.0,SE,ENE,9.0,26.0,59.0,38.0,1017.6,1014.3,1.0,6.0,23.6,26.9,No,No
2013-06-12,Melbourne,9.4,13.5,0.4,0.4,0.0,SSE,26.0,W,S,9.0,15.0,82.0,88.0,1012.2,1008.2,8.0,8.0,11.4,13.2,No,Yes
2013-08-25,SydneyAirport,9.9,23.0,0.0,4.2,10.7,S,30.0,NW,E,13.0,19.0,56.0,40.0,1024.0,1020.0,1.0,1.0,14.2,21.3,No,No
2008-07-16,Canberra,-0.9,12.8,0.2,2.0,1.9,N,17.0,SE,NNW,6.0,9.0,99.0,62.0,1024.1,1020.8,7.0,7.0,2.7,12.1,No,No
2015-01-13,Watsonia,19.7,25.5,0.0,9.4,3.1,N,37.0,NE,NE,15.0,11.0,48.0,82.0,1003.9,998.0,8.0,7.0,24.4,21.6,No,Yes
2015-02-09,Perth,19.9,33.7,0.0,9.2,12.0,WSW,24.0,S,WSW,7.0,11.0,67.0,39.0,1018.3,1017.3,1.0,1.0,26.0,32.5,No,No
2015-09-16,WaggaWagga,3.2,16.6,0.0,3.6,9.2,WSW,31.0,NNW,SW,6.0,17.0,88.0,47.0,1019.5,1017.0,2.0,3.0,9.8,15.8,No,No
2010-06-20,Mildura,10.1,17.1,0.6,1.2,1.8,WSW,19.0,WSW,WSW,7.0,7.0,96.0,69.0,1028.6,1027.6,7.0,7.0,12.7,16.7,No,No
2009-01-28,Williamtown,16.7,30.3,0.0,7.6,12.3,ENE,39.0,NNE,ESE,15.0,28.0,82.0,52.0,1018.1,1015.3,3.0,1.0,23.6,29.5,No,No
2013-05-06,Perth,13.0,22.3,0.0,1.8,2.0,SSW,20.0,NNE,SW,7.0,7.0,90.0,65.0,1014.4,1011.3,7.0,7.0,15.9,21.9,No,No
2011-07-17,Townsville,16.1,25.5,0.4,4.0,7.3,ESE,33.0,ESE,ENE,2.0,22.0,81.0,57.0,1019.9,1016.3,7.0,7.0,20.5,24.4,No,No
2010-04-07,Canberra,14.2,20.0,1.4,2.2,1.0,NNW,35.0,N,NNW,7.0,11.0,86.0,90.0,1015.7,1012.6,8.0,8.0,16.5,18.0,Yes,No
2011-03-26,Nuriootpa,8.5,17.6,0.0,3.2,4.9,SE,41.0,SSE,S,19.0,19.0,70.0,55.0,1026.6,1024.8,8.0,6.0,11.9,16.5,No,No
2010-04-05,Mildura,11.7,30.7,0.0,3.0,9.5,N,39.0,NE,NNW,13.0,13.0,49.0,22.0,1015.6,1011.7,2.0,6.0,21.7,29.9,No,No
2012-06-22,Moree,6.6,22.2,0.0,3.6,6.7,WSW,44.0,N,WNW,22.0,28.0,65.0,28.0,1014.1,1011.9,6.0,7.0,15.4,20.5,No,No
2010-05-16,Brisbane,12.8,20.6,0.0,2.8,0.0,SW,13.0,SSW,W,6.0,4.0,73.0,56.0,1019.1,1016.5,8.0,8.0,15.0,19.8,No,No
2017-03-11,Melbourne,18.0,26.4,0.0,6.4,5.7,SSW,37.0,NNE,SW,6.0,9.0,80.0,61.0,1013.0,1008.7,7.0,6.0,18.6,25.5,No,No
2010-12-31,Moree,20.6,36.9,0.0,12.8,11.8,SSE,35.0,N,ESE,17.0,15.0,50.0,25.0,1015.7,1011.7,0.0,5.0,26.0,35.0,No,No
2010-05-26,Nuriootpa,10.2,16.1,1.4,0.4,0.5,WSW,28.0,WSW,W,7.0,13.0,96.0,75.0,1015.0,1014.3,8.0,7.0,12.7,15.2,Yes,No
2016-05-24,Darwin,24.1,33.3,0.0,7.4,10.4,N,30.0,NE,WNW,9.0,17.0,63.0,48.0,1013.7,1010.1,5.0,2.0,28.5,32.8,No,No
2013-04-23,AliceSprings,13.1,26.8,0.0,9.4,8.1,E,44.0,E,SE,28.0,11.0,38.0,31.0,1018.1,1015.9,6.0,7.0,21.4,24.9,No,No
2009-08-15,Hobart,8.7,20.4,0.2,2.2,7.5,N,54.0,NNW,NNW,20.0,31.0,70.0,37.0,1008.6,1002.0,4.0,6.0,10.7,20.1,No,No
2013-07-05,Mildura,5.6,15.2,0.0,3.8,8.6,W,44.0,NW,W,13.0,20.0,76.0,41.0,1016.2,1016.7,0.0,6.0,8.0,13.8,No,No
2010-10-29,AliceSprings,18.3,30.8,0.0,8.0,3.9,SSW,56.0,NNE,N,24.0,26.0,28.0,78.0,1008.0,1008.1,7.0,7.0,28.0,21.7,No,Yes
2016-01-21,MountGambier,14.4,30.8,0.0,8.0,11.5,S,35.0,SSW,SSW,15.0,15.0,68.0,31.0,1011.4,1008.8,3.0,5.0,19.7,29.5,No,Yes
2012-06-19,Darwin,18.3,31.0,0.0,8.0,10.7,E,52.0,SE,ESE,20.0,19.0,45.0,25.0,1016.4,1011.9,0.0,0.0,22.2,30.4,No,No
2010-01-29,Hobart,14.8,22.0,0.0,7.6,11.7,SW,48.0,SW,SSW,17.0,30.0,61.0,29.0,1011.2,1013.6,6.0,2.0,16.3,20.0,No,No
2009-02-13,Cobar,16.8,23.3,0.6,8.0,2.3,E,63.0,E,E,35.0,35.0,66.0,53.0,1013.8,1012.2,7.0,7.0,18.5,22.4,No,Yes
2011-11-18,AliceSprings,18.4,38.6,0.0,9.6,12.2,ENE,35.0,NE,NE,13.0,13.0,34.0,13.0,1011.2,1005.3,1.0,5.0,31.1,37.8,No,No
2015-01-27,MountGambier,5.8,20.2,0.0,3.6,6.0,SSE,50.0,S,S,24.0,31.0,51.0,45.0,1019.3,1018.1,7.0,7.0,15.7,18.3,No,No
2015-11-02,Hobart,8.4,13.0,0.8,8.0,2.5,S,54.0,S,SSW,15.0,20.0,60.0,71.0,1011.6,1014.8,7.0,7.0,10.4,9.8,No,No
2010-07-28,NorfolkIsland,12.6,17.8,0.0,2.4,9.6,SSW,35.0,SSE,SSW,11.0,17.0,55.0,57.0,1030.2,1027.6,1.0,3.0,16.4,16.7,No,No
2009-09-16,Watsonia,4.2,23.0,0.0,5.8,8.5,N,37.0,ENE,N,9.0,15.0,66.0,29.0,1020.9,1013.7,2.0,4.0,12.2,22.5,No,No
2010-05-02,CoffsHarbour,12.9,26.5,0.0,3.0,9.0,NNE,37.0,N,NNE,2.0,28.0,66.0,63.0,1026.2,1023.0,1.0,1.0,21.8,24.3,No,No
2015-08-27,Sydney,11.6,20.5,0.0,3.0,4.3,W,52.0,W,NW,9.0,17.0,87.0,44.0,1019.7,1015.1,7.0,6.0,15.1,20.1,No,No
2017-05-30,Brisbane,13.0,25.1,0.0,5.8,8.4,WSW,17.0,SW,WNW,4.0,4.0,54.0,43.0,1023.1,1019.8,2.0,2.0,17.5,24.5,No,No
2014-01-17,NorfolkIsland,19.4,24.3,0.0,9.2,8.6,SSE,35.0,SE,SE,13.0,20.0,54.0,59.0,1017.2,1015.8,7.0,5.0,21.4,22.3,No,No
2012-07-14,WaggaWagga,6.7,14.7,0.0,1.6,2.6,NW,59.0,NNW,WNW,7.0,22.0,89.0,68.0,1013.4,1011.3,7.0,5.0,9.0,12.5,No,Yes
2016-02-02,Sydney,17.0,27.9,2.0,5.0,12.9,SE,33.0,WNW,ESE,17.0,24.0,62.0,45.0,1006.3,1004.0,2.0,3.0,20.9,26.6,Yes,No
2009-10-12,Darwin,25.4,33.6,0.0,7.0,10.2,N,35.0,N,NNW,13.0,19.0,64.0,47.0,1015.1,1010.4,2.0,4.0,29.2,32.4,No,No
2009-04-20,Portland,9.9,20.3,0.0,2.4,8.7,E,39.0,ENE,E,22.0,13.0,83.0,58.0,1022.9,1020.1,7.0,0.0,13.1,19.4,No,No
2015-08-05,SydneyAirport,5.7,15.9,0.0,0.6,4.8,W,50.0,NNW,WNW,24.0,30.0,38.0,36.0,1014.6,1010.1,6.0,6.0,10.0,14.2,No,No
2017-05-26,MelbourneAirport,11.3,17.4,0.0,0.8,4.4,N,44.0,W,NNE,6.0,9.0,83.0,60.0,1023.0,1019.4,7.0,4.0,12.8,16.6,No,No
2009-11-09,Sale,10.3,32.4,0.0,8.6,13.0,E,33.0,NW,E,7.0,28.0,52.0,20.0,1024.7,1021.6,1.0,2.0,21.4,30.5,No,No
2010-03-24,Hobart,12.4,25.4,0.0,6.2,9.9,NNW,52.0,SE,ENE,11.0,13.0,58.0,39.0,1017.8,1016.6,6.0,1.0,16.9,23.8,No,No
2015-04-28,Portland,8.9,14.2,1.4,1.2,1.4,SE,33.0,SSE,SE,9.0,13.0,68.0,66.0,1030.7,1030.0,8.0,8.0,12.2,13.3,Yes,No
2009-10-03,AliceSprings,8.1,24.2,0.0,7.0,11.8,ESE,33.0,SE,S,20.0,13.0,34.0,16.0,1020.7,1015.7,0.0,0.0,16.0,23.7,No,No
2010-06-03,Melbourne,7.1,15.7,0.0,1.4,4.9,SSW,19.0,NW,S,9.0,15.0,95.0,63.0,1027.3,1025.1,8.0,2.0,9.7,15.0,No,No
2015-11-17,Watsonia,14.6,34.4,0.0,9.8,9.2,N,59.0,N,NW,30.0,20.0,31.0,17.0,1012.7,1008.7,6.0,5.0,23.8,32.2,No,No
2012-01-02,SydneyAirport,18.7,28.5,0.0,10.2,13.2,NNE,52.0,NE,ENE,22.0,35.0,57.0,42.0,1018.6,1016.5,1.0,1.0,23.6,27.6,No,No
2017-02-02,Melbourne,14.2,24.1,0.0,4.0,12.9,S,37.0,W,SSW,7.0,13.0,62.0,39.0,1016.7,1015.3,5.0,4.0,17.4,23.3,No,No
2012-07-30,Townsville,8.9,23.0,0.0,4.0,10.9,ENE,35.0,S,NE,7.0,19.0,62.0,30.0,1020.4,1016.6,0.0,1.0,16.6,22.2,No,No
2009-09-05,Mildura,4.2,17.8,0.0,4.8,7.9,NNW,33.0,W,WNW,13.0,15.0,52.0,31.0,1020.8,1017.2,3.0,0.0,12.3,17.2,No,No
2009-06-28,Brisbane,8.8,20.4,0.0,2.2,8.4,NW,24.0,WSW,WNW,7.0,9.0,67.0,54.0,1008.8,1006.8,1.0,5.0,17.4,19.2,No,No
2009-01-20,PerthAirport,15.5,30.1,0.0,8.0,13.0,SW,48.0,E,SW,24.0,28.0,51.0,35.0,1018.6,1015.0,0.0,1.0,18.7,28.7,No,No
2014-11-10,WaggaWagga,6.3,30.5,0.0,10.6,13.3,SW,59.0,N,WSW,7.0,24.0,48.0,13.0,1018.2,1015.3,1.0,1.0,16.5,29.4,No,No
2014-01-21,Mildura,16.3,31.1,0.0,11.6,12.8,S,37.0,S,SSE,19.0,24.0,55.0,18.0,1012.7,1011.5,3.0,5.0,19.1,28.2,No,No
2012-07-31,Darwin,17.6,29.9,0.0,6.8,11.2,ESE,48.0,SE,SSE,24.0,19.0,35.0,21.0,1016.8,1012.4,1.0,0.0,21.3,28.9,No,No
2014-03-05,Perth,17.2,32.0,0.0,9.6,11.7,NNE,31.0,ESE,SSE,15.0,13.0,54.0,27.0,1021.2,1016.5,1.0,1.0,21.9,31.0,No,No
2017-02-22,MelbourneAirport,9.6,34.0,0.0,7.8,12.3,NNE,69.0,N,N,26.0,39.0,31.0,24.0,1015.3,1010.3,5.0,6.0,21.1,32.2,No,No
2013-11-13,WaggaWagga,5.9,21.3,0.4,6.6,9.4,W,46.0,W,W,9.0,30.0,84.0,28.0,1015.6,1014.3,7.0,3.0,12.6,20.3,No,No
2010-03-29,Sale,17.1,23.6,2.0,3.2,4.9,WSW,37.0,N,WSW,11.0,15.0,92.0,76.0,1013.2,1014.6,8.0,7.0,18.0,21.2,Yes,Yes
2011-01-31,Sale,17.0,30.5,0.0,9.8,12.1,SE,37.0,SE,E,13.0,22.0,59.0,42.0,1013.9,1011.0,3.0,3.0,23.3,29.6,No,No
2012-10-24,Nuriootpa,18.1,30.2,0.0,12.4,6.2,W,59.0,N,NNW,9.0,15.0,37.0,9.0,1015.4,1010.6,8.0,7.0,19.5,28.9,No,No
2014-12-02,PerthAirport,14.0,27.4,0.0,5.6,12.2,E,48.0,ENE,WSW,20.0,24.0,42.0,30.0,1014.9,1010.0,1.0,7.0,18.8,25.6,No,No
2015-06-11,AliceSprings,6.1,19.9,0.0,10.6,8.2,ESE,35.0,S,ESE,11.0,17.0,73.0,34.0,1026.8,1022.6,6.0,1.0,10.3,19.8,No,No
2016-02-10,MountGambier,9.4,26.4,0.0,6.8,12.6,SSW,37.0,SE,SSW,15.0,28.0,74.0,43.0,1017.2,1015.3,7.0,1.0,17.1,24.0,No,No
2015-07-14,AliceSprings,0.2,14.7,0.0,3.2,3.5,SE,28.0,WNW,ESE,7.0,9.0,60.0,44.0,1027.0,1023.4,4.0,7.0,6.6,13.3,No,No
2011-03-15,Perth,22.8,35.4,0.0,11.0,11.2,E,43.0,NE,ESE,19.0,13.0,36.0,17.0,1013.4,1010.3,1.0,1.0,27.0,34.9,No,No
2011-07-15,Cairns,21.3,26.3,0.0,4.8,2.8,SE,48.0,SSE,SE,22.0,31.0,75.0,67.0,1018.3,1016.9,6.0,6.0,23.6,24.7,No,No
2010-10-19,Cairns,22.8,29.7,0.0,3.2,9.2,SE,44.0,SSE,SE,22.0,33.0,63.0,49.0,1017.0,1013.9,7.0,7.0,25.8,28.2,No,No
2016-04-04,Cairns,23.7,32.4,0.0,10.6,10.6,SE,44.0,SSE,SE,22.0,31.0,61.0,54.0,1013.7,1010.1,8.0,7.0,28.0,30.9,No,No
2011-06-14,Townsville,11.0,24.6,0.0,5.4,10.8,SW,39.0,SSW,S,24.0,22.0,44.0,21.0,1017.1,1012.8,0.0,0.0,18.5,24.0,No,No
2015-04-22,AliceSprings,5.4,21.8,0.0,7.6,9.5,SSE,39.0,ESE,ESE,13.0,19.0,40.0,19.0,1021.8,1016.5,6.0,5.0,13.7,21.0,No,No
2013-03-27,PerthAirport,6.2,23.6,0.0,4.4,10.1,WSW,39.0,ESE,SSW,6.0,17.0,61.0,35.0,1023.1,1021.6,1.0,3.0,16.0,22.9,No,No
2009-01-06,Melbourne,15.8,30.2,0.0,7.2,13.7,SSE,50.0,NNE,S,11.0,28.0,45.0,40.0,1010.5,1007.9,0.0,1.0,21.6,27.9,No,No
2010-03-04,MelbourneAirport,13.5,30.5,0.0,6.8,5.5,N,48.0,N,N,22.0,26.0,48.0,24.0,1013.2,1009.3,6.0,7.0,21.7,29.8,No,No
2011-07-10,Mildura,6.0,14.0,0.0,2.0,2.5,W,56.0,W,W,13.0,24.0,95.0,48.0,1022.1,1020.0,7.0,7.0,8.7,13.6,No,No
2009-07-19,SydneyAirport,6.0,20.1,0.0,2.2,9.4,W,35.0,NW,W,26.0,28.0,61.0,33.0,1020.8,1019.0,3.0,1.0,10.6,19.0,No,No
2012-01-15,WaggaWagga,17.3,29.5,0.0,9.0,13.3,E,46.0,ENE,ENE,28.0,11.0,52.0,35.0,1017.3,1014.8,2.0,4.0,21.3,28.0,No,No
2013-12-30,Cairns,19.9,32.0,0.0,7.8,12.1,NNE,28.0,NNW,NNE,9.0,17.0,66.0,53.0,1011.6,1008.9,1.0,1.0,28.6,30.8,No,No
2015-07-08,Nuriootpa,5.8,14.2,0.3,1.2,1.8,NNW,28.0,N,NNE,2.0,9.0,99.0,49.0,1025.2,1022.5,7.0,7.0,8.0,13.5,No,No
2012-03-26,Perth,15.8,26.6,0.0,4.0,10.8,SSW,35.0,S,SSW,11.0,19.0,64.0,36.0,1016.3,1013.9,1.0,1.0,20.8,25.4,No,No
2014-08-07,WaggaWagga,2.1,14.1,0.0,1.4,5.9,W,28.0,WNW,WSW,11.0,11.0,81.0,57.0,1032.0,1029.2,7.0,7.0,9.0,13.1,No,No
2014-12-03,Woomera,18.6,34.7,1.4,10.2,12.0,SW,43.0,W,SW,15.0,17.0,75.0,31.0,1008.6,1008.0,4.0,0.0,23.4,32.8,Yes,No
2014-07-22,Brisbane,10.5,22.6,0.0,3.2,7.1,SE,28.0,WSW,WNW,6.0,4.0,78.0,47.0,1022.7,1018.2,2.0,3.0,15.5,21.4,No,Yes
2010-03-19,Perth,16.3,24.0,0.0,5.4,1.0,SW,28.0,SSE,SW,7.0,15.0,65.0,59.0,1016.7,1014.8,7.0,7.0,19.3,22.9,No,No
2012-01-20,CoffsHarbour,20.4,27.5,0.6,7.2,11.2,S,41.0,SW,SSE,26.0,20.0,75.0,66.0,1015.3,1013.9,7.0,2.0,23.5,26.6,No,No
2015-04-16,Watsonia,15.1,18.4,0.2,6.6,3.6,SSW,33.0,SW,SSW,13.0,13.0,83.0,55.0,1025.1,1024.2,7.0,7.0,16.1,17.5,No,No
2009-05-07,Woomera,9.4,20.4,0.0,5.0,9.7,SSE,43.0,SSE,SE,13.0,17.0,65.0,34.0,1029.5,1026.9,1.0,5.0,13.6,19.0,No,No
2009-03-02,Mildura,15.5,28.1,0.0,6.0,1.1,NW,26.0,E,NW,13.0,13.0,42.0,31.0,1013.3,1012.6,7.0,8.0,20.4,25.1,No,No
2010-08-22,Hobart,7.3,17.0,0.0,1.6,9.4,NW,59.0,N,NW,26.0,28.0,60.0,43.0,1012.2,1009.6,1.0,6.0,10.3,15.1,No,No
2013-12-17,Williamtown,13.2,27.0,0.0,8.0,12.5,ENE,43.0,NE,ESE,11.0,31.0,57.0,47.0,1022.0,1019.7,2.0,2.0,22.9,25.8,No,No
2016-03-04,PerthAirport,14.8,28.0,0.0,7.6,11.9,SSW,46.0,S,SW,19.0,33.0,60.0,45.0,1020.3,1016.2,1.0,1.0,20.2,26.2,No,No
2009-05-12,Mildura,5.0,19.5,0.0,2.6,8.9,WSW,22.0,S,SW,9.0,13.0,79.0,39.0,1023.4,1020.4,1.0,6.0,9.3,19.3,No,No
2009-08-02,Melbourne,11.3,16.9,0.4,2.4,3.4,NNW,63.0,NNW,N,28.0,30.0,69.0,46.0,1024.4,1020.1,7.0,7.0,13.1,15.5,No,Yes
2014-03-20,Nuriootpa,10.6,31.4,0.0,5.8,11.1,NNW,31.0,NE,WNW,7.0,11.0,46.0,23.0,1022.0,1017.7,1.0,3.0,19.7,30.9,No,No
2009-08-30,Cobar,9.3,16.3,0.0,7.8,11.3,WSW,54.0,SW,WSW,24.0,11.0,47.0,26.0,1020.0,1017.8,1.0,3.0,11.3,14.7,No,No
2014-07-07,AliceSprings,-1.8,24.0,0.0,3.0,10.5,N,20.0,NNE,NNW,6.0,9.0,38.0,7.0,1020.5,1015.1,0.0,0.0,10.7,23.3,No,No
2011-11-16,Townsville,22.9,31.0,0.0,10.0,12.2,ENE,46.0,ENE,ENE,22.0,31.0,52.0,49.0,1015.7,1012.4,2.0,2.0,28.1,29.2,No,No
2009-05-21,Hobart,6.0,16.7,0.2,0.4,8.7,NW,30.0,NNW,NNE,15.0,6.0,77.0,55.0,1029.3,1028.4,0.0,0.0,9.1,16.1,No,No
2015-07-20,Sydney,7.8,17.9,0.0,1.6,4.2,W,26.0,W,SE,20.0,15.0,84.0,64.0,1034.6,1032.1,3.0,6.0,10.0,15.9,No,Yes
2009-04-14,WaggaWagga,15.5,25.7,0.0,4.6,7.8,E,28.0,ENE,W,4.0,13.0,71.0,53.0,1016.0,1012.0,7.0,7.0,19.5,21.5,No,No
2011-09-18,Watsonia,10.7,20.5,0.2,6.8,6.8,WSW,22.0,SW,SSE,7.0,9.0,88.0,61.0,1017.5,1016.7,7.0,2.0,13.7,18.2,No,No
2015-07-31,Brisbane,9.7,24.1,0.0,3.0,10.2,W,24.0,SSW,W,4.0,7.0,81.0,35.0,1024.5,1020.1,1.0,0.0,13.6,23.5,No,No
2009-01-01,Canberra,12.6,27.1,0.0,10.6,13.3,W,65.0,NW,WNW,26.0,41.0,37.0,24.0,1003.1,1001.1,1.0,1.0,19.7,26.2,No,No
2008-10-21,Canberra,9.0,20.6,0.0,9.0,6.2,ENE,39.0,S,SW,11.0,11.0,54.0,28.0,1022.3,1018.6,7.0,5.0,11.4,18.5,No,No
2009-06-02,Cairns,21.7,27.6,0.6,4.0,6.5,SE,43.0,SSE,SE,22.0,30.0,75.0,57.0,1017.8,1015.9,7.0,7.0,23.6,26.6,No,No
2014-09-10,MountGambier,10.5,17.8,0.2,4.8,7.6,NW,63.0,NW,NW,19.0,37.0,67.0,54.0,1011.0,1010.4,4.0,5.0,14.7,16.4,No,Yes
2009-12-10,MelbourneAirport,12.2,24.1,0.0,7.4,4.6,W,63.0,NW,SW,20.0,43.0,42.0,79.0,1007.4,1004.9,7.0,7.0,19.0,17.3,No,Yes
2014-12-09,Townsville,26.2,33.7,0.0,9.6,9.3,NNE,31.0,ENE,NNE,17.0,19.0,66.0,54.0,1013.9,1010.3,5.0,5.0,30.4,31.8,No,No
2015-08-09,Portland,4.6,15.5,0.2,1.2,5.6,N,44.0,N,N,15.0,20.0,91.0,57.0,1018.4,1013.2,8.0,8.0,8.0,14.5,No,Yes
2015-07-16,MelbourneAirport,4.8,12.0,0.0,0.2,3.7,SSE,39.0,SSE,S,17.0,26.0,76.0,60.0,1024.6,1022.4,5.0,7.0,9.1,11.2,No,No
2015-08-22,Watsonia,10.8,19.4,0.0,3.4,7.7,N,26.0,NNW,SW,13.0,11.0,79.0,60.0,1015.8,1014.4,7.0,7.0,13.9,17.2,No,No
2011-02-13,Perth,17.9,32.9,0.0,11.6,11.6,SE,41.0,E,ENE,17.0,13.0,47.0,29.0,1017.2,1012.5,3.0,1.0,24.2,31.9,No,No
2010-04-28,Canberra,3.6,17.9,0.0,1.4,10.5,NW,48.0,NNW,NW,20.0,33.0,71.0,44.0,1020.6,1017.2,4.0,1.0,11.9,16.2,No,No
2014-01-26,Townsville,25.8,34.3,0.0,9.8,6.5,E,61.0,SE,E,17.0,37.0,56.0,50.0,1008.6,1006.4,7.0,6.0,31.5,33.3,No,Yes
2012-10-28,AliceSprings,7.5,28.9,0.0,10.6,12.7,ESE,43.0,E,SSE,20.0,20.0,22.0,10.0,1018.0,1013.0,1.0,1.0,20.6,26.8,No,No
2015-12-04,NorfolkIsland,18.8,23.5,1.6,5.6,1.7,ENE,39.0,ENE,ENE,17.0,20.0,64.0,71.0,1019.4,1017.4,7.0,7.0,22.6,22.2,Yes,No
2013-11-11,NorfolkIsland,15.9,21.3,0.0,4.6,1.0,SE,30.0,SE,SE,13.0,15.0,60.0,52.0,1020.1,1019.6,8.0,7.0,18.6,19.7,No,No
2017-06-18,Hobart,8.6,13.6,0.2,2.6,5.1,N,39.0,WNW,NW,13.0,17.0,47.0,43.0,1024.9,1025.8,2.0,7.0,10.9,12.6,No,No
2008-10-06,Perth,7.4,20.5,0.0,5.2,11.1,SE,30.0,ENE,SE,13.0,13.0,57.0,34.0,1033.5,1029.3,2.0,5.0,15.7,19.5,No,No
2010-05-06,Townsville,17.9,31.8,0.0,5.4,10.6,ESE,44.0,NW,ENE,4.0,24.0,63.0,49.0,1015.8,1012.8,1.0,2.0,26.1,29.1,No,No
2009-08-18,MountGambier,7.5,16.9,0.2,2.6,6.2,NNE,37.0,N,NNE,15.0,26.0,94.0,59.0,1025.6,1021.6,8.0,1.0,11.3,16.5,No,No
2009-04-24,Sale,7.5,20.8,0.8,2.0,0.0,NNE,30.0,NE,WNW,15.0,9.0,83.0,66.0,1004.2,998.3,7.0,7.0,14.6,19.0,No,No
2009-07-26,Townsville,15.4,26.4,0.0,6.2,5.6,ESE,41.0,S,ENE,9.0,28.0,69.0,53.0,1019.3,1015.7,7.0,7.0,20.9,23.8,No,No
2013-04-25,PerthAirport,16.5,27.9,0.0,4.4,0.4,ENE,37.0,NE,SSE,22.0,13.0,39.0,28.0,1015.7,1012.8,7.0,7.0,22.0,27.5,No,No
2011-11-09,MountGambier,14.5,26.9,0.0,5.2,8.2,W,61.0,N,SW,26.0,20.0,68.0,64.0,1004.3,1005.0,2.0,6.0,23.3,20.0,No,Yes
2014-11-25,Moree,21.6,30.6,0.0,13.2,2.0,SW,39.0,S,SW,20.0,22.0,46.0,45.0,1014.1,1013.5,7.0,7.0,27.7,29.7,No,No
2009-10-22,Sale,6.0,18.3,0.0,2.8,12.3,E,37.0,ESE,ESE,17.0,24.0,71.0,56.0,1024.6,1021.5,6.0,2.0,13.8,17.4,No,No
2012-07-26,Sydney,10.0,19.5,0.0,3.8,3.9,NNW,31.0,N,NE,13.0,7.0,57.0,48.0,1015.4,1011.3,6.0,7.0,14.7,17.8,No,No
2014-10-30,NorfolkIsland,17.9,22.0,0.0,6.2,11.3,SE,35.0,ESE,ESE,19.0,19.0,68.0,64.0,1017.8,1016.9,1.0,2.0,19.8,20.7,No,No
2010-08-17,Brisbane,10.2,21.9,0.0,6.2,10.7,E,22.0,SW,ESE,7.0,9.0,47.0,45.0,1021.7,1019.2,1.0,1.0,16.7,20.6,No,No
2009-06-28,Melbourne,5.0,16.1,0.0,1.8,6.5,N,61.0,N,N,15.0,22.0,89.0,59.0,1006.6,1004.0,6.0,7.0,5.7,14.0,No,No
2011-08-01,SydneyAirport,9.8,21.9,0.0,2.4,9.6,NNE,30.0,WNW,E,15.0,19.0,64.0,38.0,1022.8,1019.1,2.0,3.0,14.5,21.6,No,No
2014-08-31,Watsonia,6.0,20.6,0.0,5.6,7.1,NNW,52.0,ENE,N,9.0,24.0,73.0,44.0,1019.3,1014.9,2.0,7.0,14.2,19.6,No,No
2011-07-22,MountGambier,3.9,15.3,0.0,1.6,8.1,ENE,28.0,ESE,N,11.0,9.0,86.0,67.0,1025.3,1023.4,0.0,5.0,9.8,13.3,No,No
2009-07-13,Moree,9.0,19.5,0.0,3.2,6.9,WSW,39.0,WNW,SW,15.0,26.0,47.0,36.0,1013.0,1011.1,4.0,6.0,13.6,18.7,No,Yes
2010-07-24,CoffsHarbour,9.6,18.6,0.0,2.2,5.5,S,30.0,WSW,S,13.0,22.0,63.0,63.0,1029.2,1026.2,7.0,3.0,15.5,17.7,No,Yes
2008-08-02,Melbourne,8.6,15.3,0.6,3.0,6.0,WSW,46.0,W,WSW,19.0,26.0,78.0,55.0,1015.9,1016.1,5.0,6.0,9.8,14.6,No,No
2009-05-25,Darwin,20.6,31.7,0.0,5.2,10.4,NNW,31.0,ENE,WNW,17.0,20.0,72.0,39.0,1012.6,1008.8,7.0,7.0,25.3,30.7,No,No
2015-10-01,NorfolkIsland,15.2,20.6,0.0,2.4,10.0,ENE,37.0,ENE,E,22.0,22.0,67.0,73.0,1027.8,1026.4,1.0,2.0,19.1,18.7,No,No
2016-06-05,Darwin,25.0,33.5,0.0,4.8,9.8,WNW,35.0,S,WNW,11.0,24.0,81.0,60.0,1012.9,1009.4,6.0,2.0,29.1,32.0,No,No
2014-12-13,MountGambier,10.8,35.6,0.0,8.0,13.9,W,61.0,N,WNW,30.0,30.0,31.0,10.0,1012.2,1007.8,0.0,4.0,25.3,34.7,No,Yes
2014-09-29,MelbourneAirport,11.5,22.0,0.0,9.4,11.4,N,56.0,WNW,NNW,17.0,31.0,54.0,35.0,1014.5,1011.3,3.0,1.0,15.6,21.1,No,No
2011-07-08,Cairns,15.8,26.9,0.0,4.8,8.9,SE,37.0,S,SE,15.0,26.0,65.0,56.0,1020.5,1018.1,6.0,6.0,22.3,25.0,No,No
2008-08-18,Melbourne,6.7,14.3,0.4,1.4,7.1,SW,41.0,W,SW,24.0,20.0,76.0,55.0,1026.8,1025.9,6.0,6.0,8.9,13.5,No,No
2017-03-13,Sydney,22.2,27.4,0.0,7.2,6.2,E,56.0,NNE,E,7.0,19.0,68.0,63.0,1011.1,1012.4,6.0,6.0,23.7,27.0,No,No
2012-09-02,Nuriootpa,3.2,20.4,0.0,3.2,10.9,WNW,46.0,NW,W,22.0,17.0,33.0,28.0,1022.2,1020.7,1.0,0.0,16.0,20.2,No,No
2009-11-05,MountGambier,9.1,17.9,0.0,3.2,5.9,S,33.0,SSW,S,11.0,22.0,62.0,50.0,1026.2,1024.1,7.0,7.0,13.2,17.0,No,No
2012-06-26,Woomera,4.9,15.5,0.0,2.6,1.4,SE,26.0,ESE,SE,19.0,17.0,100.0,40.0,1031.9,1028.8,8.0,6.0,8.5,14.7,No,No
2013-11-16,NorfolkIsland,18.0,21.8,0.0,5.8,2.4,NE,52.0,ENE,NE,24.0,30.0,80.0,73.0,1015.6,1013.2,8.0,7.0,19.5,20.5,No,Yes
2010-05-11,Cairns,21.2,29.4,0.2,5.0,9.8,SSE,35.0,SSE,ESE,17.0,20.0,72.0,60.0,1013.6,1010.7,4.0,6.0,25.4,28.1,No,No
2015-10-21,Darwin,22.9,34.4,0.0,8.0,11.5,N,39.0,NNE,NNW,15.0,28.0,55.0,33.0,1015.4,1010.4,1.0,1.0,29.0,33.5,No,No
2012-02-24,Nuriootpa,20.7,37.6,0.0,10.2,12.3,NNE,35.0,NE,NNE,15.0,13.0,22.0,11.0,1017.7,1014.6,1.0,1.0,26.2,35.6,No,No
2013-11-15,Perth,16.1,33.7,0.0,11.6,13.1,SE,39.0,E,E,15.0,11.0,41.0,19.0,1015.4,1011.4,0.0,0.0,23.5,33.3,No,No
2009-07-01,Cairns,19.2,27.8,0.0,5.2,8.9,ENE,28.0,S,NE,13.0,17.0,71.0,66.0,1016.2,1013.3,2.0,3.0,24.5,26.4,No,No
2012-09-21,SydneyAirport,14.2,25.8,0.0,4.4,4.6,WSW,43.0,N,ENE,19.0,13.0,67.0,44.0,1012.4,1009.5,7.0,1.0,17.8,23.0,No,Yes
2014-06-25,Townsville,15.0,27.0,0.0,5.0,10.5,SW,39.0,SSW,NE,28.0,15.0,29.0,32.0,1019.8,1017.1,1.0,0.0,20.3,26.3,No,No
2015-03-26,Cairns,23.4,32.7,0.0,6.2,10.6,ESE,31.0,SSE,E,13.0,19.0,67.0,46.0,1016.0,1012.8,1.0,4.0,28.6,31.8,No,No
2010-03-16,Darwin,26.0,33.4,0.0,6.8,7.6,N,33.0,ESE,N,11.0,20.0,81.0,61.0,1011.5,1007.6,6.0,5.0,28.2,32.2,No,No
2010-06-02,Portland,6.7,15.7,1.2,0.8,0.1,W,26.0,NNW,WNW,6.0,11.0,92.0,74.0,1022.4,1023.0,7.0,7.0,10.6,15.1,Yes,No
2012-10-17,Woomera,11.0,29.2,0.0,13.2,8.8,SSE,46.0,SE,SSE,28.0,11.0,55.0,14.0,1020.4,1016.8,0.0,0.0,14.6,27.0,No,No
2011-03-28,Cairns,23.9,31.9,0.0,6.8,6.3,S,31.0,S,NE,17.0,13.0,80.0,61.0,1011.1,1007.7,5.0,3.0,26.7,30.7,No,No
2009-04-22,NorfolkIsland,19.7,24.2,0.0,2.4,6.3,NNE,72.0,NNE,NNE,24.0,28.0,79.0,63.0,1011.5,1008.2,5.0,7.0,22.3,22.9,No,Yes
2014-04-15,Melbourne,12.6,21.9,0.0,3.6,10.0,S,35.0,S,S,9.0,24.0,67.0,57.0,1024.0,1021.4,2.0,3.0,16.1,20.5,No,No
2011-05-28,Brisbane,10.4,22.8,0.0,3.0,5.5,SE,15.0,SW,E,6.0,6.0,71.0,59.0,1021.5,1019.2,1.0,7.0,15.6,20.8,No,No
2009-01-24,Mildura,18.6,30.3,0.0,11.6,12.2,SW,39.0,SSW,SSW,22.0,13.0,53.0,24.0,1011.5,1011.9,7.0,3.0,19.9,27.1,No,No
2009-02-22,Perth,20.7,29.6,0.0,11.8,10.9,SW,44.0,S,SSW,17.0,24.0,58.0,47.0,1012.3,1010.7,5.0,1.0,21.7,27.9,No,No
2010-10-15,Brisbane,18.5,25.3,0.0,3.0,0.0,NNE,41.0,N,NNE,6.0,11.0,71.0,81.0,1011.1,1005.4,8.0,8.0,22.4,22.3,No,Yes
2010-07-06,Portland,2.5,13.7,0.0,0.6,8.1,WNW,35.0,NW,WNW,17.0,19.0,71.0,71.0,1022.3,1021.3,5.0,5.0,8.0,12.9,No,Yes
2016-06-25,Hobart,3.3,11.9,0.0,0.6,7.7,SW,43.0,WSW,NNW,19.0,13.0,58.0,55.0,1016.7,1016.1,3.0,3.0,6.6,10.9,No,No
2009-02-26,Moree,17.8,32.8,0.0,7.2,12.3,E,31.0,E,SE,24.0,11.0,65.0,39.0,1015.8,1012.2,1.0,2.0,22.9,31.3,No,No
2009-02-13,MountGambier,7.1,27.3,0.0,5.4,12.7,S,39.0,E,E,28.0,24.0,57.0,21.0,1026.2,1022.8,1.0,0.0,15.0,26.3,No,No
2014-01-14,SydneyAirport,19.8,29.7,0.0,7.2,12.0,ENE,52.0,N,ENE,13.0,35.0,55.0,41.0,1022.2,1019.4,4.0,0.0,24.1,28.0,No,No
2015-08-18,MountGambier,1.5,10.5,0.6,1.2,4.3,WSW,17.0,WSW,WNW,11.0,7.0,94.0,71.0,1024.6,1023.6,7.0,7.0,6.8,10.2,No,No
2015-05-22,PerthAirport,10.8,22.2,0.0,3.4,9.2,ENE,31.0,ENE,N,26.0,9.0,57.0,39.0,1020.4,1016.7,6.0,6.0,14.4,21.5,No,No
2009-01-09,Williamtown,17.6,23.0,1.4,8.6,1.9,S,43.0,SE,SSE,24.0,28.0,61.0,51.0,1018.7,1017.6,8.0,6.0,19.1,21.9,Yes,No
2009-01-20,Portland,13.2,27.8,0.0,8.4,12.0,W,56.0,WSW,NNW,9.0,20.0,78.0,27.0,1006.3,1007.6,6.0,6.0,18.0,24.6,No,No
2009-06-22,MountGambier,7.1,16.3,0.0,0.6,8.2,NE,52.0,NE,NNE,24.0,26.0,86.0,51.0,1015.0,1012.2,5.0,1.0,11.0,16.0,No,Yes
2009-02-12,Woomera,13.9,27.8,0.0,14.6,12.5,SSE,46.0,SE,SSE,30.0,19.0,48.0,17.0,1019.3,1016.5,1.0,0.0,16.8,25.5,No,No
2013-05-07,Townsville,17.3,24.3,0.6,7.2,0.3,SSE,41.0,SSE,ESE,20.0,13.0,97.0,74.0,1017.8,1015.2,8.0,8.0,19.7,23.3,No,Yes
2010-11-09,Perth,17.7,26.9,0.0,6.6,3.9,SW,24.0,E,WSW,4.0,9.0,60.0,52.0,1014.7,1015.6,7.0,7.0,22.2,24.4,No,No
2014-08-26,Darwin,18.9,32.7,0.0,7.6,11.4,E,57.0,ESE,E,17.0,13.0,29.0,12.0,1015.9,1011.4,1.0,1.0,25.2,32.2,No,No
2014-07-28,Hobart,5.8,16.6,0.0,0.8,6.0,NW,69.0,NW,NW,22.0,28.0,54.0,34.0,1005.2,1001.6,1.0,7.0,13.5,16.0,No,Yes
2016-02-23,Nuriootpa,19.3,37.3,0.4,10.0,4.8,WNW,44.0,NE,WSW,7.0,24.0,26.0,24.0,1011.2,1010.9,3.0,6.0,31.4,33.6,No,No
2010-01-14,Sale,12.2,21.3,0.2,4.0,4.6,ESE,33.0,WSW,E,9.0,13.0,67.0,56.0,1020.2,1018.9,8.0,7.0,15.8,19.9,No,No
2011-03-11,AliceSprings,18.7,29.2,0.6,4.4,5.1,SE,41.0,SSE,SE,15.0,22.0,95.0,62.0,1006.5,1003.7,8.0,7.0,20.7,27.2,No,No
2013-03-30,Nuriootpa,9.0,19.4,0.0,4.0,0.0,W,41.0,NNE,W,7.0,20.0,77.0,52.0,1017.5,1015.6,8.0,8.0,12.9,19.0,No,Yes
2015-04-11,WaggaWagga,10.6,23.8,0.0,4.6,9.4,E,26.0,E,W,11.0,9.0,64.0,38.0,1023.2,1018.5,1.0,4.0,16.7,23.1,No,No
2010-07-06,Cairns,21.3,28.6,0.8,2.8,7.3,SE,37.0,SSE,SE,13.0,22.0,76.0,55.0,1016.8,1014.2,1.0,5.0,24.5,27.3,No,No
2013-03-15,Darwin,27.4,33.4,0.0,7.6,10.6,E,52.0,W,WNW,17.0,26.0,72.0,64.0,1011.7,1008.4,3.0,3.0,30.4,32.6,No,Yes
2008-08-10,Darwin,18.1,32.4,0.0,8.0,8.7,E,37.0,SE,E,15.0,17.0,36.0,25.0,1016.1,1011.9,6.0,7.0,22.6,30.9,No,No
2011-01-28,PerthAirport,26.9,40.4,0.0,8.2,12.5,WNW,57.0,N,W,24.0,28.0,32.0,40.0,1006.3,1006.3,5.0,6.0,36.8,35.2,No,No
2012-08-03,Brisbane,4.1,21.6,0.0,3.6,9.3,W,24.0,SW,WSW,2.0,9.0,61.0,26.0,1020.3,1016.4,1.0,2.0,12.5,21.3,No,No
2011-12-05,Mildura,9.1,28.0,0.0,10.6,13.5,SE,41.0,ESE,ESE,20.0,15.0,42.0,16.0,1019.4,1015.3,2.0,4.0,15.6,27.0,No,No
2016-12-03,Watsonia,7.8,25.5,0.0,7.4,13.1,SSE,24.0,S,WSW,6.0,9.0,64.0,35.0,1016.1,1014.0,3.0,5.0,15.4,24.2,No,No
2013-07-28,AliceSprings,6.7,26.2,0.0,5.2,10.6,SSW,28.0,NNW,SSE,4.0,17.0,35.0,10.0,1019.5,1016.7,0.0,0.0,16.7,25.4,No,No
2009-01-06,Watsonia,12.8,31.7,0.0,7.2,13.7,SSW,48.0,E,SSW,6.0,24.0,53.0,36.0,1010.4,1007.4,0.0,1.0,20.9,29.7,No,No
2012-01-21,Nuriootpa,14.1,30.3,0.0,8.0,13.0,SE,50.0,ESE,SSE,15.0,19.0,56.0,23.0,1015.2,1013.0,3.0,4.0,18.3,29.5,No,No
2011-03-31,Melbourne,13.8,19.8,0.0,5.0,7.6,S,48.0,SW,S,13.0,26.0,51.0,39.0,1027.3,1026.9,6.0,2.0,14.9,18.6,No,No
2010-03-19,PerthAirport,14.1,25.1,0.0,5.4,1.0,W,31.0,S,SW,13.0,20.0,58.0,52.0,1017.1,1015.1,7.0,7.0,20.3,23.7,No,No
2015-08-04,PerthAirport,8.0,18.4,0.0,2.8,8.2,E,33.0,E,ENE,22.0,19.0,65.0,42.0,1033.8,1030.5,7.0,5.0,11.9,17.6,No,No
2014-12-28,WaggaWagga,15.8,31.5,0.0,9.6,12.4,ENE,43.0,ENE,N,22.0,9.0,48.0,32.0,1016.4,1010.2,2.0,6.0,21.5,29.8,No,No
2014-09-13,WaggaWagga,1.2,18.6,0.0,2.2,10.8,ENE,22.0,E,NW,11.0,7.0,76.0,47.0,1026.2,1022.1,1.0,2.0,11.1,18.4,No,No
2012-05-23,Brisbane,13.0,23.7,0.0,3.8,7.4,ENE,20.0,WSW,NNE,4.0,7.0,79.0,57.0,1026.3,1022.8,2.0,5.0,17.9,23.5,No,No
2015-07-19,Cairns,14.4,24.7,0.0,7.0,5.7,SE,48.0,SE,SSE,20.0,26.0,65.0,54.0,1020.9,1018.2,7.0,7.0,18.5,23.3,No,No
2014-10-07,Townsville,17.8,28.3,0.0,8.0,11.6,ENE,41.0,SE,ENE,11.0,31.0,57.0,49.0,1015.3,1011.5,1.0,6.0,25.0,27.2,No,No
2009-06-17,Brisbane,8.9,22.3,0.0,2.2,9.8,W,20.0,SW,NE,9.0,6.0,66.0,40.0,1022.6,1020.0,1.0,1.0,14.0,22.2,No,No
2010-06-23,Woomera,7.4,19.3,0.0,3.2,9.9,NNE,26.0,E,N,9.0,13.0,62.0,35.0,1029.2,1025.4,1.0,1.0,11.4,18.7,No,No
2010-08-04,Mildura,8.0,13.3,0.0,1.8,3.0,S,39.0,NNW,NNW,11.0,15.0,74.0,47.0,1020.0,1016.0,3.0,7.0,8.5,12.7,No,Yes
2012-09-01,Portland,8.4,13.0,0.0,1.6,0.1,NW,20.0,NNW,N,7.0,11.0,85.0,75.0,1026.6,1023.8,8.0,8.0,10.5,12.7,No,No
2014-08-01,Perth,3.9,17.7,0.0,2.4,9.5,ENE,33.0,ENE,NE,13.0,13.0,65.0,48.0,1027.6,1023.9,0.0,0.0,10.4,17.1,No,No
2011-09-06,PerthAirport,6.3,20.6,0.0,3.2,10.4,SW,41.0,SSE,S,17.0,13.0,61.0,37.0,1034.3,1030.9,1.0,1.0,13.9,20.5,No,No
2010-02-04,Hobart,21.0,30.2,0.0,6.4,8.6,NNE,52.0,NNE,NE,17.0,35.0,62.0,54.0,1015.1,1009.2,6.0,6.0,23.8,27.7,No,Yes
2010-10-12,Canberra,5.3,21.5,0.0,2.4,4.2,NW,31.0,SE,N,6.0,20.0,77.0,53.0,1029.5,1024.9,4.0,6.0,13.5,20.5,No,Yes
2009-07-26,WaggaWagga,3.7,11.2,0.0,1.4,0.0,E,22.0,E,ESE,11.0,7.0,75.0,75.0,1017.9,1013.4,7.0,7.0,6.7,10.8,No,Yes
2008-12-15,Canberra,10.8,23.4,0.0,6.6,12.9,SSW,43.0,SSE,NNW,17.0,28.0,47.0,34.0,1007.1,1006.4,3.0,3.0,15.2,22.0,No,No
2012-06-01,Darwin,22.1,32.4,0.0,5.0,9.9,NNE,37.0,E,NE,15.0,22.0,67.0,43.0,1012.2,1008.6,0.0,4.0,26.4,32.2,No,No
2010-05-15,Perth,2.5,18.8,0.0,2.6,8.2,S,24.0,E,S,6.0,11.0,70.0,44.0,1021.9,1018.1,1.0,3.0,10.6,18.7,No,No
2014-07-16,Cairns,20.1,27.5,0.0,5.2,10.5,SSE,33.0,SSE,ESE,19.0,17.0,71.0,51.0,1018.5,1015.5,1.0,1.0,22.8,26.3,No,No
2014-03-11,Perth,16.7,33.6,0.0,8.4,11.0,SE,33.0,E,ESE,13.0,11.0,50.0,25.0,1022.3,1018.0,1.0,2.0,22.4,32.9,No,No
2012-04-07,PerthAirport,12.2,30.1,0.0,6.2,9.8,ENE,43.0,ENE,SSE,26.0,11.0,35.0,27.0,1021.3,1017.0,1.0,4.0,18.8,30.1,No,No
2014-10-20,Melbourne,10.8,21.2,0.0,6.4,12.8,SSE,44.0,SE,S,28.0,28.0,47.0,29.0,1030.3,1027.3,1.0,1.0,13.2,20.2,No,No
2013-09-02,Woomera,13.7,32.5,0.0,10.0,10.9,NE,41.0,E,ENE,9.0,17.0,30.0,9.0,1027.1,1023.7,0.0,0.0,21.5,31.8,No,No
2009-11-27,Cobar,15.4,33.0,2.0,4.8,12.6,NNW,41.0,NW,W,6.0,20.0,41.0,24.0,1012.5,1009.4,0.0,1.0,24.8,30.6,Yes,No
2016-09-06,Melbourne,9.2,21.5,0.0,3.6,7.9,S,26.0,NNE,SSW,9.0,13.0,75.0,50.0,1029.7,1027.2,7.0,5.0,13.3,19.5,No,No
2009-01-09,Hobart,8.6,17.9,0.8,1.2,5.8,WSW,41.0,SW,ESE,20.0,13.0,42.0,35.0,1021.1,1019.2,6.0,3.0,12.8,17.3,No,No
2015-07-01,Woomera,2.6,17.3,0.0,2.0,8.2,WSW,30.0,NNE,WSW,4.0,20.0,69.0,33.0,1031.0,1027.7,1.0,0.0,8.5,16.0,No,No
2011-03-12,Perth,16.9,27.0,0.0,9.6,10.8,SSW,43.0,S,SSW,9.0,24.0,55.0,38.0,1017.3,1015.6,1.0,3.0,21.0,25.7,No,No
2012-08-15,Canberra,-2.4,17.2,0.0,3.4,7.6,WNW,44.0,E,WNW,6.0,30.0,78.0,38.0,1016.7,1013.2,4.0,2.0,6.5,14.3,No,No
2016-07-18,Watsonia,3.5,16.9,0.0,4.6,5.1,NNE,50.0,NNE,NNW,24.0,17.0,72.0,73.0,1019.8,1017.6,7.0,6.0,14.6,15.7,No,No
2011-08-17,Townsville,13.0,25.6,0.0,6.4,9.1,ENE,35.0,SE,NE,15.0,26.0,70.0,61.0,1018.0,1014.5,1.0,2.0,21.1,23.5,No,No
2016-10-26,Melbourne,16.5,18.5,0.0,7.2,1.5,N,33.0,W,S,9.0,17.0,67.0,92.0,1009.7,1012.5,7.0,8.0,16.9,13.3,No,No
2015-04-22,Perth,8.9,27.1,0.0,6.2,10.5,WSW,24.0,SSE,WSW,4.0,13.0,46.0,44.0,1021.2,1018.5,0.0,1.0,19.3,25.5,No,No
2016-04-06,Hobart,13.0,18.0,0.0,6.2,3.0,SSW,41.0,SW,SW,6.0,20.0,65.0,56.0,1009.9,1009.8,7.0,6.0,13.8,14.3,No,No
2010-04-09,MelbourneAirport,9.9,22.3,0.0,2.6,2.3,N,26.0,N,W,9.0,13.0,89.0,52.0,1015.6,1011.8,7.0,7.0,14.8,21.1,No,No
2017-05-01,Hobart,10.7,20.0,0.0,3.8,3.2,NW,65.0,NNW,NNW,6.0,11.0,65.0,50.0,1003.6,1004.1,7.0,7.0,15.4,16.4,No,No
2015-05-25,Nuriootpa,8.2,18.3,0.0,0.4,7.9,N,24.0,NE,NE,9.0,9.0,66.0,48.0,1029.5,1026.0,3.0,5.0,13.6,17.7,No,No
2010-11-19,NorfolkIsland,17.7,23.0,0.2,3.6,7.8,WSW,26.0,WSW,WSW,13.0,15.0,73.0,64.0,1017.2,1016.1,6.0,7.0,20.7,22.4,No,No
2013-05-27,PerthAirport,12.8,23.4,0.0,3.2,8.3,WNW,35.0,N,WNW,9.0,20.0,73.0,46.0,1014.6,1012.2,2.0,1.0,17.6,22.1,No,Yes
2014-02-21,Brisbane,24.6,34.0,0.0,9.6,9.1,SSE,31.0,SW,E,6.0,15.0,64.0,64.0,1012.0,1009.9,6.0,4.0,30.3,30.5,No,Yes
2014-05-09,Hobart,2.4,16.1,0.0,1.2,7.8,NNW,41.0,NNW,N,28.0,13.0,93.0,49.0,1022.5,1017.9,1.0,4.0,4.1,15.6,No,Yes
2011-02-20,Brisbane,22.1,35.3,0.0,3.6,12.3,ENE,20.0,WSW,NE,4.0,9.0,55.0,51.0,1011.9,1007.3,0.0,1.0,28.7,33.6,No,No
2013-12-21,NorfolkIsland,17.2,23.1,0.0,9.2,11.0,SE,39.0,SSE,SE,20.0,22.0,57.0,57.0,1016.8,1015.5,1.0,2.0,20.6,22.3,No,No
2009-06-18,Brisbane,12.0,21.1,0.0,2.4,4.9,SSW,22.0,WSW,SSE,9.0,9.0,70.0,60.0,1022.3,1020.2,2.0,7.0,16.2,19.4,No,No
2013-01-21,Portland,13.9,20.7,0.0,6.8,10.8,SSW,28.0,SE,SSW,11.0,17.0,75.0,61.0,1012.9,1011.4,8.0,7.0,17.1,19.4,No,No
2012-05-14,Canberra,-4.7,14.0,0.0,2.0,9.7,S,37.0,SSW,SSE,15.0,17.0,69.0,37.0,1023.2,1022.6,1.0,1.0,5.7,13.0,No,No
2011-09-11,Woomera,8.0,18.5,0.0,6.8,10.4,SSW,41.0,SSW,SSW,20.0,22.0,62.0,91.0,1027.4,1025.1,1.0,1.0,12.6,17.4,No,No
2010-08-03,WaggaWagga,3.0,16.2,0.0,1.4,8.3,SW,30.0,NE,W,2.0,13.0,74.0,51.0,1022.8,1019.8,0.0,3.0,8.6,15.3,No,No
2016-05-31,Perth,5.0,20.6,0.0,2.2,9.2,SSW,22.0,ENE,SSW,4.0,13.0,69.0,43.0,1021.3,1019.1,1.0,6.0,12.4,19.7,No,No
2014-02-11,WaggaWagga,19.1,38.4,0.0,11.6,12.9,WSW,41.0,ENE,WSW,22.0,17.0,49.0,14.0,1014.4,1010.0,0.0,1.0,23.7,36.4,No,No
2009-01-12,Cobar,20.9,37.8,0.0,12.8,13.2,E,30.0,SE,ENE,11.0,7.0,27.0,9.0,1012.6,1010.1,0.0,1.0,29.8,36.4,No,No
2013-01-04,Perth,18.3,25.6,0.0,8.0,12.4,SSW,39.0,SSW,SW,15.0,19.0,47.0,46.0,1015.0,1013.0,4.0,0.0,22.8,24.0,No,No
2010-06-04,Woomera,7.0,18.0,0.0,2.4,8.5,SE,24.0,S,SW,7.0,11.0,86.0,42.0,1025.9,1023.2,1.0,3.0,11.1,17.7,No,No
2011-12-04,SydneyAirport,14.7,19.2,0.0,7.2,3.9,SSE,65.0,S,S,30.0,43.0,77.0,70.0,1014.9,1015.3,4.0,7.0,19.1,16.8,No,Yes
2016-01-25,Hobart,12.2,17.8,0.6,6.2,5.2,SE,37.0,SW,SSE,17.0,24.0,56.0,43.0,1018.8,1019.2,7.0,5.0,14.3,16.9,No,No
2015-06-07,Mildura,5.2,15.9,0.0,1.4,7.7,N,33.0,N,N,13.0,17.0,83.0,57.0,1027.3,1023.3,2.0,6.0,9.0,15.0,No,No
2015-02-20,WaggaWagga,20.3,34.0,0.0,7.4,10.7,ENE,33.0,E,E,17.0,9.0,54.0,27.0,1016.1,1012.8,1.0,7.0,24.8,32.5,No,No
2015-05-31,Watsonia,11.6,16.7,0.0,4.4,3.3,SSW,43.0,NNW,W,20.0,15.0,73.0,79.0,1014.0,1011.3,6.0,7.0,12.3,12.4,No,Yes
2013-10-12,Sydney,14.3,24.7,0.0,5.8,11.2,ENE,31.0,WNW,ENE,13.0,24.0,63.0,62.0,1016.0,1009.5,0.0,0.0,18.5,23.3,No,No
2013-04-07,Perth,17.7,31.7,0.0,7.0,9.8,SE,31.0,ESE,NE,15.0,7.0,64.0,35.0,1018.3,1013.7,1.0,1.0,21.5,30.7,No,No
2013-03-24,Townsville,23.6,30.8,0.0,7.2,9.0,ENE,39.0,SE,ENE,13.0,30.0,68.0,61.0,1015.4,1011.9,6.0,3.0,27.7,30.3,No,No
2010-11-25,SydneyAirport,18.7,28.2,0.0,8.8,12.1,NE,54.0,NE,NNE,9.0,33.0,57.0,47.0,1020.5,1017.4,1.0,1.0,24.6,27.8,No,No
2012-02-24,Portland,9.0,35.5,0.0,4.0,12.3,N,43.0,NNE,S,11.0,9.0,88.0,25.0,1018.4,1016.2,0.0,0.0,13.9,33.4,No,No
2009-02-28,Perth,15.4,36.8,0.0,6.6,9.2,NNE,37.0,E,ESE,13.0,9.0,52.0,23.0,1009.4,1005.7,6.0,3.0,21.8,35.4,No,No
2015-11-30,WaggaWagga,9.5,31.2,0.0,7.0,11.0,WNW,35.0,NE,NW,9.0,15.0,45.0,19.0,1011.6,1008.5,0.0,1.0,20.8,29.5,No,No
2013-04-02,Townsville,23.5,31.1,0.0,6.4,10.8,NE,24.0,S,NNE,7.0,15.0,67.0,58.0,1013.9,1011.0,6.0,2.0,28.2,30.0,No,No
2013-10-16,Brisbane,16.0,26.6,0.0,6.6,8.8,NNE,31.0,N,NE,7.0,15.0,54.0,51.0,1023.7,1019.1,2.0,6.0,23.2,24.0,No,No
2013-07-10,Darwin,22.2,33.0,0.0,7.8,10.9,ESE,50.0,E,E,33.0,28.0,59.0,25.0,1013.3,1009.4,5.0,1.0,25.1,32.1,No,No
2017-02-04,MelbourneAirport,11.6,36.5,0.0,7.4,11.8,NNW,50.0,NE,NW,4.0,28.0,74.0,10.0,1011.9,1007.7,3.0,2.0,18.7,34.8,No,No
2013-03-08,WaggaWagga,18.5,32.1,0.0,7.0,11.9,ENE,35.0,E,E,17.0,13.0,55.0,27.0,1020.2,1016.6,1.0,1.0,23.4,31.4,No,No
2008-12-11,MountGambier,6.2,25.8,0.0,5.0,10.8,ESE,35.0,ESE,E,26.0,15.0,56.0,25.0,1014.8,1010.3,1.0,1.0,14.7,24.7,No,No
2015-05-11,SydneyAirport,15.4,22.2,0.0,5.0,10.2,WNW,67.0,NW,WSW,20.0,39.0,38.0,37.0,1010.3,1009.8,1.0,1.0,18.8,21.3,No,No
2011-01-03,PerthAirport,25.4,36.4,0.0,10.4,6.3,WSW,35.0,N,WSW,19.0,20.0,45.0,37.0,1010.5,1007.8,6.0,3.0,30.9,35.2,No,No
2011-02-18,MountGambier,16.5,20.4,0.0,2.6,0.0,E,44.0,ESE,E,24.0,15.0,87.0,92.0,1013.4,1009.5,8.0,8.0,17.5,19.2,No,Yes
2012-11-25,MelbourneAirport,14.8,21.9,0.0,10.0,6.1,SSE,33.0,SSW,SSE,15.0,19.0,76.0,56.0,1016.3,1016.7,8.0,6.0,15.9,20.5,No,No
2015-12-03,Perth,21.0,29.4,0.0,9.4,9.8,SSW,39.0,WNW,SW,6.0,19.0,45.0,56.0,1009.1,1009.2,2.0,7.0,27.9,24.2,No,No
2014-09-10,Moree,16.1,25.4,0.0,7.8,10.5,NNE,56.0,NW,WSW,22.0,31.0,45.0,16.0,1014.0,1013.1,2.0,1.0,21.1,24.7,No,No
2013-06-18,SydneyAirport,8.6,17.0,0.0,1.6,8.0,S,46.0,W,SSW,26.0,28.0,61.0,60.0,1013.4,1012.2,1.0,2.0,12.2,15.8,No,Yes
2015-08-22,Darwin,20.6,30.5,0.0,6.0,9.9,N,33.0,E,NNW,15.0,24.0,77.0,54.0,1017.8,1012.6,3.0,1.0,24.7,29.8,No,No
2015-10-15,Cairns,18.6,29.5,0.0,9.8,10.7,SE,50.0,SSE,ESE,24.0,31.0,58.0,49.0,1019.8,1015.8,5.0,3.0,26.0,27.9,No,Yes
2008-05-05,Canberra,0.4,19.0,0.0,3.4,8.3,NW,39.0,NE,WNW,2.0,19.0,76.0,41.0,1019.8,1015.8,6.0,5.0,7.7,18.5,No,No
2017-06-01,SydneyAirport,7.9,16.1,0.0,4.8,9.7,W,46.0,W,SSW,24.0,30.0,57.0,57.0,1032.7,1031.2,1.0,1.0,11.4,15.8,No,No
2014-11-04,Perth,10.3,27.8,0.0,7.2,12.6,SW,31.0,SE,SSW,9.0,19.0,54.0,45.0,1022.9,1019.7,1.0,6.0,20.6,24.5,No,No
2015-01-02,SydneyAirport,21.1,27.5,0.2,9.2,3.6,S,50.0,SSW,S,13.0,24.0,77.0,86.0,1019.1,1018.0,7.0,7.0,22.4,23.3,No,No
2012-03-13,Portland,10.6,32.3,0.0,4.4,8.4,NW,41.0,N,NNW,15.0,20.0,65.0,21.0,1015.5,1012.1,3.0,4.0,15.2,29.7,No,No
2011-12-23,Townsville,24.0,32.2,0.0,8.0,10.9,ENE,33.0,E,ENE,13.0,26.0,60.0,61.0,1006.5,1002.5,6.0,2.0,29.0,30.2,No,No
2010-01-30,MountGambier,7.9,30.1,0.0,4.8,13.0,W,37.0,E,W,26.0,9.0,63.0,11.0,1015.2,1011.4,3.0,5.0,15.8,29.7,No,No
2017-03-16,Mildura,22.0,29.2,0.0,9.2,11.4,S,43.0,SSW,SSW,20.0,20.0,58.0,30.0,1010.8,1012.0,3.0,0.0,22.3,28.6,No,No
2009-01-12,Canberra,13.8,27.3,2.0,8.0,13.3,ENE,43.0,SSE,NE,4.0,20.0,74.0,45.0,1014.9,1013.8,1.0,1.0,19.6,26.0,Yes,No
2009-11-28,Cairns,21.3,29.5,0.0,6.4,10.5,NNE,30.0,E,N,7.0,13.0,64.0,66.0,1012.7,1008.9,7.0,8.0,28.3,28.3,No,No
2009-10-22,Perth,12.3,23.5,0.0,7.0,11.3,SW,33.0,S,SW,9.0,15.0,63.0,54.0,1017.3,1015.2,1.0,4.0,16.8,22.6,No,No
2009-10-17,MountGambier,8.5,13.9,1.2,1.4,0.6,SW,33.0,SSW,SSW,13.0,17.0,74.0,67.0,1028.0,1027.8,7.0,7.0,11.6,12.3,Yes,No
2017-03-26,Melbourne,19.3,26.7,0.0,4.8,5.1,SSW,22.0,SE,SSW,7.0,11.0,74.0,66.0,1014.9,1012.4,8.0,5.0,20.1,23.8,No,No
2014-06-20,MountGambier,8.7,15.4,0.2,0.8,2.9,N,41.0,N,NW,24.0,26.0,88.0,87.0,1009.6,1008.4,6.0,7.0,9.7,14.4,No,Yes
2010-05-03,Melbourne,9.2,23.0,0.0,1.6,8.3,N,70.0,N,N,11.0,37.0,78.0,38.0,1025.4,1019.1,7.0,4.0,11.6,22.2,No,No
2014-06-19,SydneyAirport,9.8,21.2,0.0,1.8,8.5,NNW,28.0,WNW,NE,17.0,20.0,68.0,53.0,1027.7,1022.8,3.0,3.0,14.4,19.7,No,No
2016-12-23,Sydney,20.8,24.4,0.0,7.6,7.9,ENE,48.0,NE,NE,20.0,28.0,56.0,56.0,1019.3,1016.6,5.0,2.0,23.0,23.8,No,No
2011-09-17,Darwin,22.3,33.5,0.0,6.2,8.9,WNW,31.0,SE,NNW,7.0,24.0,66.0,73.0,1013.8,1009.9,6.0,6.0,27.3,29.9,No,No
2014-10-29,Watsonia,8.9,23.6,0.8,4.4,8.3,SSW,44.0,W,W,7.0,11.0,73.0,43.0,1019.1,1015.3,7.0,2.0,13.2,21.4,No,No
2012-01-06,Mildura,14.0,29.8,0.0,11.4,12.5,SSE,33.0,ESE,ESE,20.0,9.0,44.0,17.0,1017.7,1012.9,1.0,7.0,18.2,28.1,No,No
2015-03-30,MountGambier,9.3,22.9,0.2,4.0,8.4,WSW,30.0,N,WSW,7.0,17.0,100.0,48.0,1024.8,1023.9,7.0,4.0,12.5,22.0,No,No
2010-01-28,Brisbane,24.1,33.8,0.0,6.8,9.9,ENE,28.0,E,NE,7.0,17.0,58.0,44.0,1011.3,1007.9,4.0,3.0,29.7,32.2,No,Yes
2014-11-19,Hobart,10.8,27.3,0.0,5.0,10.3,NNW,54.0,NNW,NW,17.0,22.0,48.0,22.0,1015.5,1009.1,5.0,7.0,17.1,26.4,No,No
2010-03-06,Townsville,24.1,34.6,0.0,7.2,12.0,S,35.0,SSW,S,13.0,15.0,55.0,38.0,1010.3,1006.6,1.0,3.0,29.8,33.7,No,No
2011-03-15,Moree,20.1,34.1,0.0,8.8,11.1,NE,39.0,NNE,E,15.0,9.0,64.0,36.0,1018.9,1014.7,0.0,2.0,23.5,31.3,No,No
2015-11-12,Brisbane,17.2,26.4,0.0,7.2,7.8,E,26.0,ESE,ENE,11.0,9.0,60.0,60.0,1021.2,1018.1,7.0,7.0,24.2,24.6,No,No
2012-07-14,PerthAirport,2.5,18.3,0.0,2.2,8.7,WSW,26.0,N,W,13.0,17.0,85.0,50.0,1027.5,1024.9,6.0,3.0,9.1,18.0,No,No
2010-01-23,NorfolkIsland,18.1,24.6,0.0,8.6,10.3,SSE,33.0,SSW,S,19.0,24.0,81.0,59.0,1013.2,1011.8,7.0,7.0,20.5,23.1,No,No
2014-10-16,Townsville,15.8,29.1,0.0,11.6,11.7,NE,39.0,SE,ENE,11.0,30.0,39.0,39.0,1018.0,1013.9,0.0,0.0,24.8,27.8,No,No
2015-02-16,Perth,17.1,34.0,0.0,9.8,11.6,E,35.0,E,SW,13.0,15.0,49.0,33.0,1015.8,1012.2,5.0,6.0,22.5,33.1,No,No
2012-05-22,CoffsHarbour,11.7,23.1,0.0,1.4,8.5,NNW,26.0,NW,SE,9.0,13.0,56.0,50.0,1024.9,1022.1,1.0,2.0,20.1,21.6,No,No
2009-06-16,AliceSprings,2.7,17.0,0.0,3.8,9.5,SE,39.0,WNW,SSE,2.0,15.0,68.0,33.0,1024.2,1021.6,5.0,1.0,9.1,16.7,No,No
2016-03-14,Portland,14.4,18.4,1.2,4.2,4.3,SE,52.0,SSE,SSE,15.0,26.0,79.0,60.0,1022.7,1022.9,8.0,8.0,15.3,17.3,Yes,No
2014-11-11,Brisbane,18.8,29.9,0.0,9.0,10.2,NE,28.0,ENE,ENE,6.0,13.0,53.0,52.0,1016.6,1013.8,1.0,1.0,25.9,28.1,No,No
2013-06-11,AliceSprings,8.7,27.0,0.0,3.2,9.7,SSW,41.0,WNW,SW,9.0,24.0,65.0,26.0,1017.6,1014.9,1.0,4.0,17.7,26.1,No,No
2014-02-28,PerthAirport,17.1,36.7,0.0,9.0,12.1,ENE,41.0,ENE,E,24.0,19.0,23.0,10.0,1018.1,1014.7,0.0,0.0,27.8,36.3,No,No
2013-12-22,AliceSprings,23.0,33.2,1.0,12.8,0.5,W,69.0,ESE,ENE,13.0,11.0,57.0,37.0,1009.3,1005.9,7.0,7.0,26.3,31.7,No,Yes
2016-07-29,Melbourne,10.2,15.3,0.0,2.2,0.5,NNW,31.0,N,WNW,15.0,11.0,76.0,67.0,1021.4,1019.3,7.0,7.0,11.8,15.2,No,Yes
2013-11-21,Nuriootpa,8.9,19.7,0.0,8.0,8.3,SE,43.0,SSE,SW,15.0,15.0,58.0,30.0,1014.7,1012.2,7.0,4.0,11.0,17.9,No,No
2013-08-30,Brisbane,13.1,25.4,0.0,4.8,10.3,NNE,26.0,SW,NNE,4.0,9.0,71.0,53.0,1024.0,1019.5,1.0,1.0,19.7,23.6,No,No
2013-05-11,SydneyAirport,12.8,21.8,0.0,2.0,4.3,ENE,39.0,NW,NE,11.0,28.0,74.0,67.0,1030.3,1027.4,5.0,6.0,17.7,20.9,No,No
2016-03-06,Brisbane,19.6,30.5,1.8,5.6,10.0,E,26.0,W,E,6.0,11.0,69.0,54.0,1021.4,1018.3,6.0,4.0,25.4,29.0,Yes,Yes
2012-09-24,Sydney,13.5,24.4,0.0,8.2,11.2,W,48.0,WSW,E,26.0,17.0,31.0,29.0,1012.6,1010.6,1.0,1.0,17.3,21.7,No,No
2010-09-22,Townsville,23.9,29.8,0.8,6.8,7.0,ENE,41.0,ESE,ENE,19.0,30.0,80.0,71.0,1018.0,1014.6,7.0,3.0,26.1,28.2,No,Yes
2009-11-20,Townsville,24.4,31.1,0.0,10.4,12.1,ENE,37.0,E,ENE,20.0,28.0,57.0,64.0,1014.1,1011.0,2.0,1.0,29.1,28.4,No,No
2012-05-15,Woomera,6.0,20.1,0.0,4.0,10.4,SE,28.0,E,S,15.0,6.0,58.0,27.0,1029.5,1026.0,0.0,0.0,11.3,19.7,No,No
2009-09-07,Townsville,19.3,29.3,0.0,6.2,10.2,NNW,35.0,NNW,NNE,17.0,24.0,67.0,56.0,1014.5,1011.3,4.0,3.0,25.6,27.9,No,No
2010-06-11,SydneyAirport,6.4,18.0,0.0,3.2,9.8,WSW,43.0,NW,SW,13.0,20.0,55.0,38.0,1020.0,1016.1,1.0,1.0,10.5,17.2,No,No
2016-09-09,SydneyAirport,15.3,24.8,0.0,5.0,8.9,NE,59.0,SSW,NE,2.0,35.0,56.0,57.0,1021.8,1015.6,6.0,4.0,20.7,22.5,No,Yes
2014-08-02,SydneyAirport,7.2,13.8,0.0,6.4,10.0,SSW,52.0,W,S,35.0,33.0,38.0,45.0,1024.7,1026.9,1.0,1.0,10.5,13.5,No,No
2010-09-18,Darwin,23.7,32.9,0.0,7.6,9.5,NW,33.0,ENE,WNW,7.0,26.0,61.0,55.0,1012.0,1007.4,2.0,1.0,29.4,31.8,No,No
2009-03-19,Cobar,15.3,32.3,0.0,6.0,11.3,SW,24.0,E,SSW,4.0,9.0,39.0,16.0,1014.7,1012.7,5.0,1.0,21.3,30.8,No,No
2010-05-04,Perth,7.9,21.8,0.0,3.6,9.8,SSE,28.0,E,SE,15.0,11.0,53.0,33.0,1027.5,1023.3,0.0,0.0,14.3,21.4,No,No
2013-03-07,NorfolkIsland,19.6,24.7,0.0,6.8,9.6,ESE,48.0,ESE,SE,28.0,28.0,65.0,55.0,1016.3,1014.8,4.0,3.0,22.2,23.7,No,No
2014-01-18,Cairns,23.6,32.0,0.2,6.1,10.7,SE,39.0,SSE,ESE,19.0,24.0,65.0,55.0,1010.0,1007.2,4.0,4.0,28.9,30.8,No,No
2013-08-30,NorfolkIsland,13.0,17.5,0.2,4.8,7.0,S,39.0,S,S,26.0,22.0,79.0,48.0,1023.4,1020.9,7.0,2.0,13.0,16.4,No,No
2012-03-03,Nuriootpa,13.7,25.8,0.0,2.0,8.0,W,37.0,NE,W,6.0,20.0,96.0,45.0,1008.1,1006.5,7.0,5.0,15.9,24.9,No,No
2016-12-02,Brisbane,20.1,30.4,0.4,7.6,13.2,NE,30.0,NW,NNE,6.0,11.0,56.0,62.0,1012.3,1009.6,2.0,1.0,27.6,29.4,No,No
2015-12-25,WaggaWagga,16.2,31.7,0.0,13.2,13.8,ENE,52.0,ENE,NNE,28.0,17.0,45.0,22.0,1015.3,1009.1,0.0,3.0,21.3,29.2,No,Yes
2009-07-28,Cobar,3.6,16.6,0.0,0.8,8.2,WNW,26.0,WNW,W,6.0,15.0,80.0,52.0,1027.0,1025.1,2.0,6.0,9.3,15.9,No,No
2010-04-06,Melbourne,18.4,25.3,0.0,7.0,0.5,N,48.0,N,NE,26.0,20.0,42.0,36.0,1014.8,1011.7,7.0,7.0,22.3,24.3,No,Yes
2016-04-02,Mildura,15.0,27.1,0.0,7.0,10.9,S,39.0,SSW,SSW,17.0,17.0,53.0,38.0,1017.8,1019.0,3.0,1.0,17.4,25.8,No,No
2016-03-31,Townsville,23.2,31.9,0.0,8.0,11.1,ENE,37.0,SE,ENE,13.0,30.0,64.0,59.0,1015.0,1011.2,2.0,1.0,28.9,30.6,No,No
2014-10-06,Brisbane,14.4,27.2,0.0,7.2,11.2,ENE,24.0,E,ENE,2.0,11.0,49.0,39.0,1020.4,1015.9,1.0,1.0,23.6,25.6,No,No
2009-06-21,Nuriootpa,1.0,16.4,0.6,1.4,9.1,NE,26.0,NE,NNE,4.0,15.0,81.0,43.0,1016.9,1013.8,3.0,6.0,8.9,16.0,No,No
2013-11-09,PerthAirport,12.4,33.1,0.0,10.0,13.1,E,50.0,ENE,SE,17.0,9.0,32.0,13.0,1018.7,1015.5,0.0,0.0,24.8,32.8,No,No
2015-12-29,NorfolkIsland,19.2,23.9,0.0,5.2,4.5,NE,33.0,NE,NNE,20.0,13.0,62.0,66.0,1008.2,1005.7,7.0,8.0,22.7,22.4,No,Yes
2014-10-09,SydneyAirport,14.3,22.4,0.0,4.8,8.5,NE,43.0,WSW,ENE,9.0,28.0,62.0,46.0,1023.1,1020.0,1.0,1.0,17.8,21.5,No,No
2013-10-25,NorfolkIsland,18.6,23.6,0.0,4.6,10.7,NNE,28.0,NNE,NE,15.0,13.0,81.0,76.0,1018.5,1017.9,4.0,4.0,20.8,21.7,No,No
2010-04-09,Sale,11.8,20.9,0.2,4.0,3.5,E,31.0,WSW,E,2.0,20.0,82.0,61.0,1017.0,1010.8,7.0,7.0,15.7,19.1,No,No
2008-09-18,Perth,13.2,20.0,1.8,4.0,5.5,WNW,56.0,NW,W,22.0,20.0,58.0,67.0,1010.8,1011.8,5.0,4.0,18.9,19.5,Yes,Yes
2011-06-23,Moree,0.6,16.6,0.0,2.4,9.8,SW,41.0,W,SW,9.0,26.0,80.0,49.0,1023.6,1021.6,0.0,2.0,7.3,16.2,No,No
2012-11-10,Moree,18.5,25.1,0.0,2.0,0.4,WSW,33.0,S,SW,7.0,20.0,45.0,22.0,1017.4,1015.5,8.0,8.0,19.4,24.7,No,No
2012-10-06,Cairns,21.1,27.9,0.0,10.4,1.3,SE,37.0,SSE,SE,15.0,22.0,73.0,58.0,1017.6,1014.4,7.0,7.0,24.4,26.3,No,No
2011-03-23,Melbourne,16.4,23.1,0.0,2.6,6.9,N,52.0,NNW,N,13.0,28.0,75.0,40.0,1003.9,1002.5,7.0,7.0,17.2,22.4,No,No
2015-04-16,MountGambier,11.6,16.9,0.2,2.6,2.7,S,26.0,SSW,S,11.0,17.0,68.0,59.0,1027.2,1025.5,7.0,7.0,13.7,15.2,No,No
2010-07-16,Woomera,8.9,16.8,0.2,1.4,4.2,NE,20.0,NE,NE,4.0,7.0,59.0,45.0,1028.0,1025.5,7.0,4.0,12.9,15.3,No,No
2014-03-14,SydneyAirport,18.8,28.6,0.0,4.0,7.9,NNE,48.0,N,ENE,11.0,33.0,65.0,49.0,1018.3,1014.6,6.0,1.0,24.2,25.9,No,No
2009-01-05,MelbourneAirport,9.7,29.0,0.0,7.4,12.3,SE,33.0,SW,SSE,9.0,20.0,51.0,31.0,1011.9,1010.3,6.0,2.0,19.4,27.1,No,No
2016-02-12,Cairns,24.0,33.4,0.0,8.0,11.8,SE,33.0,SSE,ESE,15.0,20.0,65.0,55.0,1010.2,1005.6,3.0,3.0,29.2,33.1,No,No
2009-04-26,Woomera,11.9,19.5,0.2,5.8,7.1,SW,46.0,WSW,SW,24.0,26.0,65.0,43.0,1015.9,1015.2,3.0,6.0,14.7,17.8,No,No
2008-09-11,Perth,13.4,20.5,0.8,2.6,7.0,WSW,46.0,WSW,WSW,19.0,20.0,71.0,62.0,1014.1,1012.5,3.0,4.0,17.3,18.9,No,No
2011-02-08,MountGambier,13.1,22.6,0.0,5.2,11.0,SSE,41.0,SE,S,22.0,22.0,57.0,48.0,1024.9,1022.9,5.0,1.0,16.6,21.7,No,No
2016-12-01,MelbourneAirport,9.1,24.6,0.0,4.0,8.3,SSE,33.0,S,SSE,6.0,24.0,73.0,47.0,1008.9,1005.3,7.0,7.0,15.1,24.1,No,No
2014-10-20,Sydney,15.8,20.8,0.0,10.6,4.0,SSE,69.0,S,S,33.0,22.0,59.0,74.0,1028.7,1029.8,7.0,8.0,19.8,17.0,No,No
2010-10-08,Portland,9.0,15.1,0.8,2.2,10.0,W,39.0,WSW,WSW,19.0,20.0,83.0,76.0,1026.8,1027.0,5.0,5.0,12.0,14.0,No,No
2009-12-22,Melbourne,15.9,27.5,0.0,7.4,11.1,S,33.0,SSW,SSE,7.0,15.0,67.0,43.0,1013.2,1011.8,6.0,1.0,19.0,24.3,No,No
2014-08-09,Hobart,7.8,16.6,0.0,2.6,2.5,NNW,59.0,NW,NNW,24.0,22.0,55.0,41.0,1019.7,1014.0,7.0,7.0,12.6,16.5,No,No
2014-03-26,MountGambier,13.0,27.7,0.2,2.6,10.2,SSE,31.0,ESE,ENE,13.0,13.0,90.0,48.0,1024.4,1020.6,1.0,2.0,16.7,26.9,No,No
2010-11-12,Brisbane,19.0,28.0,0.0,6.6,11.0,NE,28.0,NNE,NNE,7.0,11.0,71.0,55.0,1016.9,1015.0,5.0,4.0,24.6,25.7,No,No
2011-05-21,Cairns,21.6,29.0,0.4,6.8,9.4,SE,41.0,S,SE,17.0,28.0,72.0,60.0,1015.7,1013.3,4.0,3.0,25.1,27.7,No,Yes
2010-05-23,Portland,0.7,14.1,0.0,1.0,7.1,NNE,33.0,N,NE,9.0,15.0,89.0,54.0,1020.4,1015.7,1.0,5.0,4.6,13.7,No,No
2009-12-13,MountGambier,12.7,19.4,1.0,4.0,0.7,SW,37.0,SW,SSW,20.0,24.0,82.0,68.0,1022.6,1022.1,7.0,8.0,15.0,18.2,No,No
2013-04-29,MountGambier,6.4,17.6,0.0,3.0,5.3,SW,28.0,NNW,WSW,15.0,13.0,84.0,53.0,1024.6,1024.8,7.0,6.0,11.3,17.5,No,No
2016-04-23,Darwin,24.9,35.5,0.0,8.0,9.8,E,52.0,SSE,ENE,13.0,20.0,63.0,34.0,1012.4,1008.7,5.0,5.0,29.8,34.7,No,No
2010-10-13,PerthAirport,5.9,23.4,0.0,6.0,11.4,SSW,50.0,SSW,WSW,15.0,28.0,46.0,38.0,1018.7,1015.8,0.0,1.0,17.0,21.6,No,No
2010-11-08,Brisbane,19.0,26.2,0.0,7.0,2.8,E,24.0,ENE,ENE,11.0,13.0,63.0,61.0,1021.9,1020.3,8.0,7.0,24.2,24.3,No,No
2015-01-24,MountGambier,7.6,24.5,0.0,6.8,10.4,W,67.0,NNW,WNW,15.0,35.0,59.0,38.0,1006.3,1004.3,2.0,7.0,17.0,22.2,No,Yes
2009-03-30,Darwin,25.1,32.8,0.0,8.4,8.1,NE,48.0,E,ENE,28.0,30.0,71.0,41.0,1010.1,1008.1,6.0,2.0,27.9,32.3,No,No
2009-06-13,SydneyAirport,7.6,20.1,0.0,2.6,4.6,WNW,31.0,NW,NNW,20.0,13.0,68.0,29.0,1017.4,1013.6,7.0,7.0,9.8,18.1,No,No
2015-03-20,Mildura,12.5,24.8,0.0,11.3,10.8,SSE,37.0,SSW,SSE,11.0,20.0,65.0,32.0,1019.9,1020.2,0.0,3.0,15.7,22.7,No,No
2012-09-16,Moree,7.3,24.6,0.0,4.4,10.4,NNE,41.0,NNE,WNW,30.0,13.0,46.0,30.0,1022.0,1016.5,3.0,6.0,16.0,23.5,No,No
2010-08-26,MelbourneAirport,4.1,12.6,0.0,2.2,3.0,WNW,48.0,NNW,WNW,22.0,20.0,70.0,60.0,999.6,999.2,7.0,7.0,8.1,12.4,No,Yes
2010-01-27,Mildura,18.6,34.3,0.0,13.2,9.9,SSE,37.0,SE,S,20.0,17.0,54.0,27.0,1013.6,1012.1,2.0,6.0,21.5,31.8,No,No
2010-08-12,CoffsHarbour,7.9,19.8,0.0,2.6,10.0,WSW,46.0,N,WSW,17.0,19.0,48.0,30.0,1006.1,1003.8,1.0,1.0,15.9,19.0,No,No
2012-02-05,NorfolkIsland,22.0,24.1,2.0,1.2,0.2,ENE,63.0,ENE,E,20.0,22.0,96.0,96.0,1001.7,999.9,8.0,8.0,22.8,23.2,Yes,Yes
2015-03-02,Brisbane,23.0,31.6,0.0,6.4,11.3,SE,33.0,SSW,ESE,7.0,15.0,64.0,57.0,1013.0,1011.0,5.0,4.0,27.8,29.1,No,No
2016-04-13,PerthAirport,19.9,25.4,1.8,0.8,5.5,WSW,31.0,WSW,SW,9.0,20.0,87.0,64.0,1020.3,1018.5,7.0,4.0,21.3,25.1,Yes,No
2015-12-29,Mildura,16.6,35.4,0.0,11.0,12.4,SSE,26.0,ESE,SE,15.0,15.0,31.0,13.0,1020.9,1017.8,0.0,0.0,23.9,33.4,No,No
2015-06-10,Brisbane,12.7,24.2,0.0,1.0,6.1,SE,26.0,SW,ESE,7.0,11.0,76.0,53.0,1026.1,1024.4,5.0,7.0,17.2,22.6,No,No
2013-10-13,Cairns,20.4,31.5,0.0,10.0,8.6,SSE,31.0,SSE,ENE,17.0,20.0,57.0,62.0,1015.2,1011.4,2.0,3.0,28.0,29.4,No,No
2009-11-24,Cairns,21.6,31.0,0.0,6.2,7.3,ESE,39.0,SSE,E,17.0,19.0,65.0,69.0,1013.0,1011.4,7.0,7.0,27.6,26.7,No,Yes
2011-03-18,MelbourneAirport,12.7,18.1,0.0,3.4,3.5,SE,35.0,SE,SSE,15.0,22.0,63.0,53.0,1019.4,1017.7,7.0,6.0,13.5,16.3,No,No
2010-12-28,Canberra,7.3,21.8,0.0,10.0,11.7,NNE,33.0,ENE,NE,13.0,15.0,57.0,42.0,1017.4,1015.5,2.0,1.0,13.1,20.7,No,No
2014-07-20,Mildura,-0.2,14.1,0.0,1.8,6.9,NE,17.0,SE,SE,7.0,6.0,99.0,53.0,1029.0,1025.9,7.0,6.0,3.5,13.2,No,No
2010-12-06,Williamtown,18.6,28.0,0.0,5.4,11.2,ENE,44.0,NE,E,17.0,30.0,68.0,57.0,1013.5,1012.0,5.0,3.0,24.3,26.9,No,No
2015-05-04,Sydney,17.3,21.8,0.4,1.8,0.3,S,28.0,W,SSE,17.0,7.0,83.0,66.0,1016.0,1013.2,7.0,6.0,18.3,21.6,No,No
2010-01-09,Moree,19.6,33.2,0.0,8.0,13.0,NE,30.0,E,NNE,13.0,11.0,59.0,34.0,1019.6,1016.1,0.0,1.0,25.1,31.3,No,No
2016-06-22,Melbourne,11.2,15.4,0.0,2.0,4.5,NW,39.0,NNW,WNW,13.0,11.0,67.0,68.0,1003.6,1004.6,3.0,7.0,11.9,13.2,No,No
2011-10-07,NorfolkIsland,15.4,19.2,0.0,6.2,1.3,WSW,35.0,WSW,WNW,17.0,20.0,66.0,61.0,1016.1,1014.2,7.0,7.0,17.7,17.7,No,No
2011-10-08,AliceSprings,12.4,32.3,0.0,8.2,11.5,ENE,35.0,ENE,SSE,24.0,7.0,33.0,15.0,1015.5,1010.5,0.0,2.0,23.0,32.1,No,No
2013-07-29,Cairns,19.4,26.6,0.4,6.2,10.6,SE,39.0,SSE,SE,24.0,31.0,68.0,52.0,1018.1,1014.1,1.0,1.0,22.4,25.6,No,No
2015-04-16,MelbourneAirport,14.2,18.4,0.0,6.6,3.6,WSW,33.0,WSW,SSE,24.0,17.0,80.0,55.0,1025.4,1024.2,7.0,7.0,15.5,17.0,No,No
2011-05-14,Portland,8.8,14.0,1.8,1.8,1.9,SSW,54.0,SSW,SSW,17.0,17.0,55.0,61.0,1026.3,1027.7,6.0,6.0,11.4,12.2,Yes,No
2010-08-17,Mildura,-1.3,15.2,0.0,2.2,8.6,NE,33.0,ENE,NE,9.0,17.0,77.0,37.0,1023.5,1018.2,6.0,6.0,5.9,14.6,No,Yes
2010-07-08,Townsville,19.7,26.4,0.0,2.4,2.1,SSW,24.0,SE,NE,13.0,13.0,81.0,66.0,1018.2,1015.1,6.0,7.0,21.3,24.5,No,No
2009-03-28,Melbourne,9.7,26.7,0.0,4.0,9.6,N,26.0,N,SSW,15.0,11.0,77.0,38.0,1024.4,1021.1,3.0,1.0,11.6,24.6,No,No
2015-07-21,WaggaWagga,2.4,16.6,0.0,1.4,8.4,NE,30.0,E,ENE,13.0,20.0,75.0,55.0,1032.1,1027.0,1.0,4.0,8.0,15.9,No,Yes
2014-01-27,Moree,16.5,33.4,0.0,12.8,13.2,ENE,54.0,E,SSE,19.0,17.0,48.0,23.0,1020.3,1016.5,0.0,1.0,22.3,31.3,No,No
2011-12-20,Perth,16.6,30.6,0.0,7.8,13.1,SSW,31.0,E,SW,13.0,19.0,50.0,42.0,1012.4,1008.8,0.0,1.0,23.8,27.9,No,No
2009-03-18,Woomera,13.4,32.1,0.0,8.4,11.5,NNW,41.0,NNE,NNW,11.0,28.0,38.0,15.0,1015.1,1012.1,3.0,1.0,18.9,30.5,No,No
2009-04-11,AliceSprings,12.3,30.5,0.0,7.6,9.4,E,35.0,ESE,ESE,13.0,15.0,30.0,15.0,1018.4,1014.5,2.0,7.0,21.8,29.9,No,No
2016-07-02,Darwin,20.7,32.6,0.0,6.6,10.9,ESE,52.0,E,E,24.0,24.0,54.0,27.0,1017.3,1012.8,1.0,0.0,24.3,31.6,No,No
2012-04-01,Mildura,12.4,25.0,0.0,7.6,10.2,S,24.0,SSE,SSE,15.0,7.0,60.0,37.0,1020.2,1016.5,1.0,1.0,17.0,24.5,No,No
2011-10-19,CoffsHarbour,13.1,21.4,0.6,3.0,11.0,WSW,31.0,WSW,ESE,20.0,15.0,60.0,48.0,1031.2,1028.6,3.0,2.0,18.5,20.9,No,No
2014-10-15,Melbourne,8.4,17.5,0.0,4.6,4.3,S,35.0,SW,S,6.0,19.0,52.0,40.0,1022.7,1020.1,7.0,5.0,11.7,16.3,No,No
2010-09-24,CoffsHarbour,14.9,23.4,0.0,3.0,9.0,NNE,39.0,ESE,NNE,9.0,28.0,72.0,67.0,1022.8,1018.8,4.0,1.0,21.2,23.2,No,No
2013-04-20,AliceSprings,12.5,33.0,0.0,10.4,11.0,SSE,30.0,ENE,SE,11.0,13.0,27.0,15.0,1016.2,1011.9,0.0,1.0,23.1,32.1,No,No
2014-07-02,Hobart,6.3,16.2,0.2,0.6,3.1,SW,63.0,N,N,31.0,9.0,55.0,50.0,1019.9,1016.1,6.0,3.0,12.1,15.8,No,No
2012-10-11,Watsonia,6.2,12.6,0.8,3.0,0.5,SE,33.0,WSW,SSE,7.0,11.0,92.0,87.0,1010.2,1011.7,7.0,7.0,8.4,10.4,No,No
2013-07-11,AliceSprings,9.1,23.8,0.0,0.8,10.1,E,30.0,E,ESE,17.0,19.0,84.0,43.0,1025.1,1020.3,6.0,1.0,13.6,23.1,No,No
2016-05-01,Brisbane,21.9,24.6,1.4,3.8,0.8,E,15.0,SSE,W,4.0,4.0,92.0,88.0,1019.6,1015.6,7.0,7.0,22.4,22.8,Yes,Yes
2015-08-08,NorfolkIsland,12.9,18.4,0.6,5.6,8.7,WSW,46.0,WSW,SW,20.0,28.0,57.0,72.0,1014.9,1012.2,4.0,7.0,16.1,15.6,No,Yes
2009-05-12,Williamtown,7.0,20.0,0.0,2.6,9.9,WNW,28.0,WNW,W,22.0,9.0,83.0,39.0,1021.3,1017.5,1.0,1.0,11.6,19.9,No,No
2016-08-30,Watsonia,8.9,15.9,0.0,4.0,0.0,ENE,37.0,E,ENE,11.0,15.0,57.0,58.0,1020.3,1015.4,7.0,7.0,14.5,15.7,No,No
2013-08-24,Cairns,19.0,27.9,1.2,5.0,10.5,ESE,52.0,SSE,SE,19.0,31.0,63.0,39.0,1020.6,1017.4,1.0,1.0,23.4,26.2,Yes,No
2010-01-12,SydneyAirport,23.3,31.8,0.0,8.8,9.4,NE,61.0,NNE,NE,15.0,39.0,69.0,54.0,1012.7,1007.9,6.0,1.0,26.3,31.4,No,No
2016-04-26,Nuriootpa,7.3,28.3,0.0,4.0,9.1,NNE,37.0,NNE,N,11.0,19.0,33.0,14.0,1024.1,1018.8,1.0,5.0,21.1,27.3,No,No
2008-10-09,Melbourne,10.1,20.0,0.0,3.6,10.5,SSE,30.0,WNW,NW,13.0,13.0,55.0,37.0,1027.5,1025.4,5.0,1.0,12.5,18.7,No,No
2010-01-30,PerthAirport,22.5,33.7,0.0,12.0,13.1,SSE,52.0,SW,SW,22.0,35.0,42.0,36.0,1008.5,1008.4,0.0,0.0,27.1,31.4,No,No
2014-02-23,Darwin,25.6,32.4,0.0,5.6,9.4,S,44.0,W,WNW,13.0,31.0,76.0,65.0,1009.0,1005.9,5.0,6.0,28.8,31.5,No,Yes
